{"type":"FeatureCollection", "features": [
{"type":"Feature","geometry":{"type":"MultiPolygon","coordinates":[[[[72.658,21.471],[72.652,21.462],[72.65,21.448],[72.643,21.441],[72.646,21.435],[72.662,21.442],[72.669,21.447],[72.687,21.446],[72.681,21.435],[72.663,21.425],[72.646,21.402],[72.639,21.396],[72.625,21.382],[72.623,21.375],[72.623,21.365],[72.635,21.362],[72.623,21.355],[72.622,21.345],[72.598,21.319],[72.593,21.312],[72.589,21.298],[72.589,21.279],[72.603,21.276],[72.598,21.27],[72.597,21.25],[72.603,21.239],[72.611,21.229],[72.623,21.232],[72.64,21.224],[72.639,21.217],[72.63,21.224],[72.622,21.223],[72.62,21.217],[72.618,21.188],[72.62,21.182],[72.62,21.154],[72.621,21.143],[72.625,21.138],[72.623,21.115],[72.626,21.106],[72.626,21.09],[72.636,21.08],[72.645,21.081],[72.652,21.077],[72.655,21.085],[72.659,21.088],[72.657,21.099],[72.661,21.108],[72.658,21.123],[72.661,21.125],[72.66,21.139],[72.665,21.153],[72.671,21.158],[72.681,21.158],[72.692,21.155],[72.71,21.145],[72.716,21.141],[72.707,21.127],[72.705,21.107],[72.7,21.101],[72.704,21.085],[72.704,21.078],[72.694,21.066],[72.7,21.061],[72.712,21.065],[72.729,21.066],[72.746,21.06],[72.755,21.052],[72.742,21.051],[72.726,21.053],[72.722,21.048],[72.723,21.034],[72.728,21.006],[72.735,20.995],[72.737,20.974],[72.747,20.95],[72.756,20.931],[72.764,20.921],[72.773,20.92],[72.774,20.936],[72.807,20.953],[72.829,20.956],[72.845,20.949],[72.84,20.944],[72.825,20.95],[72.802,20.936],[72.784,20.932],[72.783,20.9],[72.789,20.884],[72.805,20.855],[72.812,20.837],[72.817,20.819],[72.818,20.803],[72.824,20.792],[72.826,20.78],[72.835,20.768],[72.838,20.761],[72.836,20.749],[72.844,20.737],[72.85,20.71],[72.86,20.687],[72.883,20.61],[72.886,20.571],[72.884,20.562],[72.873,20.548],[72.871,20.536],[72.873,20.506],[72.868,20.499],[72.847,20.477],[72.826,20.451],[72.822,20.442],[72.819,20.43],[72.823,20.413],[72.815,20.409],[72.811,20.395],[72.804,20.377],[72.801,20.373],[72.784,20.364],[72.776,20.358],[72.759,20.331],[72.761,20.317],[72.759,20.308],[72.752,20.294],[72.749,20.278],[72.749,20.273],[72.738,20.246],[72.738,20.235],[72.743,20.229],[72.745,20.211],[72.754,20.216],[72.768,20.217],[72.769,20.211],[72.76,20.211],[72.752,20.204],[72.746,20.202],[72.738,20.19],[72.735,20.157],[72.73,20.141],[72.727,20.122],[72.721,20.103],[72.71,20.092],[72.704,20.081],[72.704,20.064],[72.711,20.047],[72.712,20.037],[72.719,20.041],[72.725,20.036],[72.724,20.029],[72.717,20.023],[72.715,20.016],[72.72,20],[72.72,19.979],[72.728,19.984],[72.731,19.976],[72.738,19.979],[72.741,19.973],[72.752,19.981],[72.76,19.981],[72.768,19.967],[72.768,19.957],[72.753,19.957],[72.755,19.949],[72.766,19.95],[72.77,19.939],[72.763,19.937],[72.762,19.93],[72.771,19.907],[72.773,19.897],[72.763,19.894],[72.754,19.882],[72.754,19.903],[72.75,19.912],[72.74,19.906],[72.735,19.91],[72.737,19.923],[72.73,19.923],[72.725,19.937],[72.72,19.943],[72.724,19.952],[72.711,19.954],[72.708,19.968],[72.699,19.962],[72.684,19.96],[72.682,19.951],[72.669,19.943],[72.655,19.945],[72.651,19.936],[72.658,19.922],[72.663,19.918],[72.666,19.9],[72.671,19.889],[72.673,19.873],[72.667,19.864],[72.656,19.86],[72.645,19.863],[72.643,19.851],[72.644,19.839],[72.655,19.812],[72.661,19.81],[72.665,19.822],[72.68,19.805],[72.687,19.811],[72.699,19.81],[72.72,19.822],[72.722,19.813],[72.713,19.802],[72.686,19.793],[72.687,19.774],[72.671,19.762],[72.671,19.751],[72.678,19.746],[72.675,19.731],[72.676,19.714],[72.685,19.717],[72.696,19.717],[72.706,19.707],[72.714,19.693],[72.714,19.687],[72.698,19.68],[72.695,19.668],[72.695,19.657],[72.699,19.641],[72.705,19.63],[72.72,19.619],[72.721,19.602],[72.714,19.59],[72.71,19.567],[72.71,19.553],[72.715,19.535],[72.728,19.52],[72.73,19.513],[72.73,19.5],[72.743,19.493],[72.749,19.486],[72.746,19.464],[72.753,19.432],[72.756,19.417],[72.759,19.389],[72.754,19.382],[72.758,19.374],[72.766,19.363],[72.79,19.337],[72.8,19.33],[72.794,19.304],[72.784,19.3],[72.783,19.278],[72.781,19.268],[72.782,19.237],[72.779,19.216],[72.783,19.206],[72.784,19.195],[72.794,19.191],[72.794,19.177],[72.792,19.169],[72.781,19.16],[72.781,19.153],[72.787,19.148],[72.788,19.137],[72.784,19.125],[72.795,19.125],[72.8,19.137],[72.808,19.133],[72.818,19.123],[72.826,19.124],[72.827,19.112],[72.822,19.11],[72.823,19.091],[72.822,19.075],[72.817,19.064],[72.818,19.05],[72.816,19.039],[72.82,19.019],[72.813,19.014],[72.813,19.004],[72.808,18.98],[72.788,18.945],[72.794,18.938],[72.81,18.951],[72.817,18.95],[72.822,18.943],[72.821,18.933],[72.812,18.921],[72.806,18.909],[72.808,18.896],[72.811,18.894],[72.865,18.804],[72.861,18.787],[72.86,18.774],[72.866,18.757],[72.861,18.738],[72.859,18.715],[72.853,18.705],[72.853,18.693],[72.86,18.685],[72.862,18.678],[72.862,18.639],[72.868,18.62],[72.89,18.602],[72.908,18.579],[72.921,18.548],[72.931,18.541],[72.933,18.534],[72.924,18.53],[72.916,18.531],[72.907,18.536],[72.904,18.529],[72.908,18.52],[72.91,18.501],[72.903,18.497],[72.9,18.467],[72.892,18.459],[72.895,18.45],[72.901,18.442],[72.905,18.432],[72.908,18.405],[72.912,18.392],[72.926,18.384],[72.927,18.375],[72.922,18.369],[72.912,18.367],[72.913,18.359],[72.943,18.341],[72.954,18.332],[72.962,18.316],[72.955,18.297],[72.947,18.285],[72.933,18.281],[72.934,18.263],[72.94,18.248],[72.94,18.232],[72.932,18.22],[72.938,18.211],[72.946,18.218],[72.952,18.218],[72.976,18.199],[72.982,18.183],[72.986,18.158],[72.985,18.142],[72.979,18.133],[72.971,18.129],[72.982,18.105],[72.991,18.097],[73.002,18.074],[72.998,18.063],[72.992,18.059],[72.992,18.05],[73.005,18.051],[73.012,18.046],[73.012,18.032],[73.018,18.03],[73.028,18.042],[73.042,18.049],[73.044,18.04],[73.03,18.034],[73.026,18.022],[73.016,18.025],[73.007,18.022],[73.008,18.014],[73.016,18.002],[73.02,17.991],[73.028,17.987],[73.028,17.964],[73.034,17.936],[73.045,17.93],[73.048,17.923],[73.055,17.918],[73.057,17.91],[73.055,17.906],[73.056,17.893],[73.063,17.888],[73.069,17.888],[73.075,17.896],[73.076,17.878],[73.083,17.855],[73.092,17.839],[73.102,17.845],[73.116,17.836],[73.116,17.831],[73.098,17.837],[73.093,17.834],[73.098,17.808],[73.109,17.79],[73.138,17.719],[73.139,17.709],[73.133,17.702],[73.117,17.693],[73.118,17.682],[73.124,17.667],[73.131,17.658],[73.138,17.645],[73.131,17.643],[73.14,17.619],[73.145,17.604],[73.16,17.591],[73.152,17.572],[73.143,17.566],[73.141,17.557],[73.145,17.549],[73.159,17.533],[73.177,17.519],[73.184,17.508],[73.187,17.488],[73.195,17.464],[73.194,17.456],[73.187,17.453],[73.189,17.446],[73.204,17.439],[73.202,17.436],[73.193,17.436],[73.188,17.411],[73.177,17.406],[73.171,17.399],[73.178,17.389],[73.188,17.384],[73.197,17.39],[73.206,17.387],[73.212,17.38],[73.212,17.372],[73.219,17.371],[73.217,17.361],[73.225,17.357],[73.22,17.351],[73.222,17.345],[73.231,17.335],[73.224,17.331],[73.225,17.324],[73.243,17.32],[73.243,17.311],[73.232,17.298],[73.221,17.303],[73.206,17.302],[73.197,17.306],[73.19,17.299],[73.202,17.293],[73.204,17.28],[73.211,17.272],[73.22,17.275],[73.227,17.259],[73.228,17.249],[73.238,17.229],[73.249,17.22],[73.249,17.2],[73.239,17.2],[73.239,17.194],[73.25,17.189],[73.259,17.182],[73.263,17.165],[73.267,17.158],[73.275,17.151],[73.269,17.146],[73.27,17.136],[73.273,17.127],[73.271,17.114],[73.282,17.111],[73.287,17.101],[73.293,17.08],[73.3,17.077],[73.31,17.078],[73.312,17.074],[73.302,17.068],[73.292,17.071],[73.294,17.056],[73.28,17.04],[73.276,17.04],[73.265,17.049],[73.258,17.046],[73.26,17.034],[73.259,17.024],[73.265,17.016],[73.275,17.023],[73.282,17.014],[73.284,17.002],[73.272,16.993],[73.276,16.985],[73.283,16.991],[73.293,16.985],[73.306,16.98],[73.311,16.974],[73.313,16.965],[73.326,16.962],[73.334,16.968],[73.332,16.95],[73.32,16.955],[73.313,16.953],[73.308,16.957],[73.302,16.97],[73.295,16.975],[73.29,16.954],[73.285,16.948],[73.288,16.941],[73.29,16.926],[73.282,16.893],[73.286,16.892],[73.306,16.895],[73.302,16.888],[73.294,16.885],[73.293,16.874],[73.295,16.863],[73.293,16.834],[73.298,16.823],[73.305,16.81],[73.315,16.805],[73.318,16.797],[73.315,16.784],[73.309,16.776],[73.304,16.763],[73.303,16.754],[73.304,16.743],[73.312,16.716],[73.323,16.691],[73.34,16.686],[73.341,16.68],[73.331,16.68],[73.327,16.675],[73.331,16.664],[73.332,16.648],[73.325,16.639],[73.326,16.635],[73.335,16.636],[73.342,16.631],[73.342,16.626],[73.335,16.619],[73.344,16.616],[73.353,16.621],[73.366,16.635],[73.37,16.636],[73.379,16.63],[73.392,16.627],[73.399,16.62],[73.392,16.613],[73.386,16.603],[73.386,16.597],[73.401,16.59],[73.402,16.586],[73.379,16.594],[73.379,16.611],[73.369,16.624],[73.358,16.616],[73.355,16.609],[73.345,16.611],[73.344,16.602],[73.354,16.597],[73.351,16.592],[73.331,16.603],[73.32,16.599],[73.326,16.583],[73.334,16.577],[73.344,16.575],[73.346,16.568],[73.341,16.561],[73.325,16.555],[73.315,16.539],[73.314,16.533],[73.319,16.513],[73.327,16.51],[73.334,16.479],[73.344,16.475],[73.344,16.467],[73.347,16.454],[73.354,16.442],[73.37,16.394],[73.378,16.392],[73.389,16.401],[73.402,16.4],[73.41,16.41],[73.417,16.411],[73.437,16.41],[73.432,16.404],[73.417,16.403],[73.412,16.401],[73.402,16.39],[73.39,16.389],[73.372,16.383],[73.373,16.363],[73.382,16.358],[73.387,16.358],[73.395,16.366],[73.399,16.362],[73.408,16.36],[73.416,16.366],[73.42,16.363],[73.41,16.355],[73.402,16.354],[73.392,16.356],[73.391,16.345],[73.386,16.339],[73.388,16.333],[73.394,16.327],[73.394,16.31],[73.406,16.295],[73.412,16.281],[73.42,16.253],[73.426,16.222],[73.432,16.201],[73.442,16.196],[73.451,16.147],[73.459,16.114],[73.462,16.113],[73.46,16.135],[73.463,16.141],[73.465,16.154],[73.472,16.159],[73.469,16.144],[73.471,16.13],[73.469,16.117],[73.47,16.105],[73.474,16.096],[73.468,16.09],[73.467,16.08],[73.468,16.068],[73.458,16.065],[73.459,16.057],[73.468,16.054],[73.471,16.047],[73.483,16.042],[73.487,16.038],[73.495,16.005],[73.489,15.992],[73.488,15.975],[73.499,15.97],[73.5,15.962],[73.509,15.962],[73.506,15.953],[73.508,15.943],[73.512,15.939],[73.53,15.932],[73.539,15.937],[73.545,15.936],[73.557,15.926],[73.565,15.924],[73.575,15.913],[73.59,15.91],[73.594,15.902],[73.6,15.896],[73.612,15.876],[73.616,15.867],[73.618,15.853],[73.629,15.856],[73.633,15.851],[73.636,15.836],[73.646,15.811],[73.656,15.798],[73.665,15.774],[73.666,15.765],[73.674,15.759],[73.671,15.753],[73.662,15.752],[73.66,15.745],[73.673,15.737],[73.678,15.725],[73.687,15.723],[73.691,15.706],[73.694,15.697],[73.702,15.691],[73.711,15.663],[73.716,15.661],[73.715,15.65],[73.724,15.625],[73.732,15.615],[73.749,15.634],[73.759,15.637],[73.767,15.633],[73.752,15.626],[73.752,15.611],[73.744,15.604],[73.731,15.601],[73.736,15.59],[73.741,15.569],[73.748,15.562],[73.759,15.531],[73.765,15.5],[73.768,15.494],[73.777,15.49],[73.788,15.499],[73.806,15.494],[73.814,15.506],[73.834,15.505],[73.833,15.5],[73.824,15.498],[73.808,15.484],[73.806,15.474],[73.808,15.465],[73.804,15.462],[73.794,15.467],[73.786,15.462],[73.804,15.455],[73.822,15.454],[73.84,15.448],[73.848,15.452],[73.858,15.443],[73.864,15.432],[73.881,15.429],[73.896,15.418],[73.908,15.417],[73.911,15.424],[73.919,15.425],[73.928,15.435],[73.937,15.431],[73.927,15.421],[73.926,15.416],[73.941,15.408],[73.922,15.404],[73.914,15.403],[73.908,15.408],[73.9,15.408],[73.873,15.4],[73.86,15.407],[73.847,15.4],[73.843,15.411],[73.834,15.41],[73.829,15.404],[73.819,15.412],[73.813,15.399],[73.788,15.413],[73.784,15.411],[73.791,15.398],[73.804,15.393],[73.81,15.38],[73.833,15.369],[73.843,15.36],[73.858,15.363],[73.862,15.368],[73.87,15.37],[73.879,15.363],[73.892,15.338],[73.902,15.308],[73.915,15.258],[73.923,15.237],[73.931,15.207],[73.94,15.177],[73.947,15.146],[73.952,15.15],[73.947,15.169],[73.955,15.171],[73.958,15.144],[73.949,15.136],[73.938,15.132],[73.94,15.12],[73.931,15.111],[73.916,15.107],[73.923,15.099],[73.921,15.093],[73.914,15.09],[73.919,15.083],[73.928,15.085],[73.933,15.078],[73.949,15.076],[73.953,15.071],[73.963,15.069],[73.97,15.056],[73.984,15.053],[73.982,15.046],[73.986,15.042],[73.987,15.035],[73.984,15.026],[73.997,15.018],[74.004,15.009],[74.018,15.008],[74.027,14.999],[74.046,14.987],[74.037,14.98],[74.044,14.965],[74.055,14.962],[74.042,14.947],[74.044,14.926],[74.042,14.915],[74.055,14.912],[74.06,14.908],[74.076,14.908],[74.088,14.896],[74.097,14.893],[74.097,14.88],[74.103,14.874],[74.107,14.866],[74.113,14.846],[74.121,14.838],[74.124,14.847],[74.138,14.846],[74.142,14.857],[74.154,14.858],[74.163,14.863],[74.166,14.872],[74.173,14.869],[74.176,14.879],[74.181,14.881],[74.189,14.879],[74.193,14.883],[74.212,14.887],[74.209,14.876],[74.221,14.872],[74.234,14.872],[74.249,14.876],[74.25,14.871],[74.239,14.862],[74.227,14.86],[74.216,14.868],[74.192,14.864],[74.176,14.855],[74.179,14.845],[74.171,14.841],[74.171,14.829],[74.165,14.819],[74.157,14.813],[74.158,14.831],[74.162,14.838],[74.156,14.84],[74.146,14.835],[74.136,14.833],[74.125,14.833],[74.125,14.818],[74.123,14.806],[74.115,14.799],[74.103,14.803],[74.095,14.803],[74.095,14.797],[74.106,14.794],[74.108,14.786],[74.12,14.783],[74.121,14.775],[74.13,14.778],[74.144,14.774],[74.152,14.765],[74.154,14.75],[74.159,14.751],[74.163,14.766],[74.177,14.767],[74.176,14.762],[74.167,14.756],[74.167,14.752],[74.18,14.746],[74.183,14.739],[74.2,14.72],[74.207,14.721],[74.204,14.733],[74.225,14.736],[74.224,14.745],[74.237,14.747],[74.246,14.74],[74.263,14.722],[74.265,14.713],[74.256,14.706],[74.27,14.697],[74.276,14.689],[74.279,14.673],[74.276,14.664],[74.286,14.663],[74.28,14.656],[74.285,14.64],[74.28,14.629],[74.272,14.624],[74.279,14.619],[74.285,14.609],[74.305,14.601],[74.311,14.604],[74.313,14.614],[74.319,14.611],[74.33,14.612],[74.34,14.607],[74.346,14.609],[74.357,14.6],[74.364,14.598],[74.391,14.604],[74.414,14.617],[74.421,14.614],[74.412,14.607],[74.399,14.602],[74.39,14.594],[74.384,14.592],[74.366,14.592],[74.351,14.596],[74.342,14.601],[74.329,14.603],[74.319,14.601],[74.314,14.596],[74.295,14.592],[74.308,14.561],[74.314,14.551],[74.314,14.545],[74.309,14.538],[74.313,14.527],[74.308,14.523],[74.315,14.518],[74.321,14.52],[74.331,14.514],[74.341,14.517],[74.352,14.525],[74.352,14.536],[74.36,14.548],[74.363,14.558],[74.37,14.557],[74.369,14.543],[74.378,14.541],[74.379,14.53],[74.387,14.523],[74.393,14.508],[74.408,14.487],[74.421,14.478],[74.427,14.472],[74.412,14.471],[74.41,14.465],[74.411,14.452],[74.408,14.448],[74.386,14.453],[74.381,14.463],[74.381,14.474],[74.375,14.481],[74.38,14.487],[74.373,14.497],[74.373,14.502],[74.378,14.509],[74.373,14.522],[74.364,14.521],[74.357,14.511],[74.358,14.499],[74.362,14.487],[74.366,14.482],[74.375,14.464],[74.387,14.421],[74.403,14.419],[74.397,14.413],[74.397,14.408],[74.405,14.382],[74.403,14.37],[74.408,14.35],[74.414,14.312],[74.418,14.304],[74.426,14.281],[74.432,14.28],[74.427,14.293],[74.444,14.281],[74.449,14.28],[74.461,14.284],[74.469,14.292],[74.472,14.284],[74.479,14.284],[74.488,14.278],[74.491,14.264],[74.505,14.256],[74.512,14.249],[74.516,14.24],[74.497,14.244],[74.47,14.256],[74.458,14.25],[74.449,14.259],[74.435,14.267],[74.432,14.262],[74.438,14.253],[74.446,14.224],[74.454,14.206],[74.465,14.198],[74.469,14.183],[74.475,14.169],[74.478,14.153],[74.478,14.139],[74.484,14.12],[74.483,14.1],[74.492,14.08],[74.498,14.063],[74.501,14.041],[74.508,14.031],[74.513,14.036],[74.524,14.034],[74.524,14.025],[74.51,14.028],[74.506,14.026],[74.511,14.013],[74.516,13.989],[74.523,13.979],[74.53,13.974],[74.538,13.973],[74.538,13.96],[74.549,13.953],[74.567,13.949],[74.575,13.94],[74.58,13.927],[74.587,13.92],[74.589,13.908],[74.598,13.878],[74.608,13.866],[74.626,13.859],[74.621,13.848],[74.607,13.859],[74.614,13.835],[74.619,13.812],[74.628,13.779],[74.631,13.749],[74.632,13.729],[74.64,13.713],[74.641,13.696],[74.645,13.673],[74.65,13.663],[74.66,13.651],[74.663,13.643],[74.669,13.649],[74.67,13.668],[74.672,13.68],[74.678,13.691],[74.677,13.7],[74.682,13.701],[74.699,13.696],[74.682,13.681],[74.68,13.675],[74.696,13.667],[74.703,13.674],[74.708,13.669],[74.7,13.66],[74.705,13.652],[74.711,13.649],[74.729,13.647],[74.741,13.648],[74.754,13.644],[74.76,13.639],[74.756,13.633],[74.75,13.636],[74.728,13.635],[74.712,13.639],[74.707,13.635],[74.721,13.625],[74.709,13.615],[74.695,13.619],[74.698,13.636],[74.694,13.639],[74.686,13.638],[74.681,13.63],[74.685,13.622],[74.682,13.608],[74.677,13.611],[74.676,13.623],[74.67,13.633],[74.664,13.631],[74.668,13.62],[74.672,13.6],[74.675,13.568],[74.681,13.526],[74.682,13.502],[74.686,13.473],[74.689,13.463],[74.698,13.463],[74.701,13.445],[74.706,13.444],[74.716,13.467],[74.733,13.476],[74.74,13.472],[74.739,13.465],[74.75,13.46],[74.746,13.454],[74.724,13.459],[74.719,13.453],[74.717,13.441],[74.707,13.436],[74.707,13.426],[74.714,13.42],[74.724,13.416],[74.737,13.414],[74.74,13.41],[74.745,13.393],[74.739,13.39],[74.732,13.403],[74.711,13.403],[74.705,13.412],[74.7,13.416],[74.696,13.424],[74.692,13.448],[74.686,13.442],[74.69,13.422],[74.694,13.398],[74.696,13.378],[74.695,13.358],[74.7,13.349],[74.708,13.347],[74.718,13.335],[74.725,13.321],[74.725,13.305],[74.724,13.297],[74.726,13.291],[74.72,13.288],[74.719,13.312],[74.714,13.326],[74.703,13.344],[74.701,13.338],[74.706,13.328],[74.712,13.311],[74.714,13.288],[74.728,13.252],[74.739,13.204],[74.746,13.188],[74.749,13.186],[74.754,13.164],[74.756,13.149],[74.763,13.119],[74.766,13.091],[74.774,13.09],[74.778,13.103],[74.788,13.105],[74.789,13.097],[74.783,13.096],[74.779,13.09],[74.784,13.07],[74.772,13.07],[74.782,13.054],[74.783,13.031],[74.79,13.005],[74.792,12.993],[74.799,12.959],[74.805,12.911],[74.807,12.895],[74.815,12.879],[74.822,12.857],[74.828,12.831],[74.846,12.793],[74.855,12.777],[74.86,12.773],[74.864,12.755],[74.879,12.729],[74.885,12.712],[74.89,12.707],[74.896,12.694],[74.907,12.668],[74.917,12.646],[74.92,12.636],[74.936,12.6],[74.945,12.577],[74.95,12.568],[74.96,12.54],[74.972,12.513],[74.981,12.488],[74.991,12.492],[74.996,12.477],[74.994,12.468],[75.002,12.448],[75.014,12.426],[75.024,12.411],[75.041,12.39],[75.049,12.375],[75.065,12.34],[75.072,12.328],[75.09,12.289],[75.102,12.256],[75.105,12.246],[75.111,12.235],[75.13,12.187],[75.136,12.175],[75.142,12.156],[75.155,12.128],[75.165,12.099],[75.169,12.094],[75.178,12.074],[75.185,12.056],[75.202,12.018],[75.204,12.004],[75.223,12.013],[75.23,12.022],[75.243,12.021],[75.249,12.016],[75.259,12.001],[75.265,11.993],[75.274,11.976],[75.288,11.958],[75.296,11.952],[75.301,11.956],[75.29,11.977],[75.288,11.99],[75.293,11.989],[75.299,11.982],[75.304,11.971],[75.311,11.975],[75.319,11.973],[75.321,11.958],[75.324,11.953],[75.333,11.949],[75.35,11.933],[75.35,11.927],[75.342,11.927],[75.323,11.941],[75.314,11.943],[75.309,11.94],[75.311,11.93],[75.319,11.919],[75.323,11.907],[75.322,11.898],[75.332,11.894],[75.356,11.866],[75.358,11.854],[75.369,11.852],[75.373,11.857],[75.384,11.86],[75.4,11.842],[75.41,11.835],[75.428,11.807],[75.454,11.785],[75.461,11.774],[75.458,11.766],[75.464,11.764],[75.474,11.768],[75.481,11.758],[75.481,11.752],[75.511,11.728],[75.521,11.713],[75.531,11.704],[75.547,11.676],[75.559,11.65],[75.569,11.623],[75.574,11.613],[75.586,11.574],[75.597,11.547],[75.604,11.533],[75.611,11.506],[75.621,11.476],[75.637,11.46],[75.646,11.463],[75.654,11.462],[75.677,11.45],[75.689,11.439],[75.7,11.423],[75.709,11.402],[75.721,11.383],[75.729,11.368],[75.74,11.357],[75.739,11.328],[75.748,11.317],[75.756,11.298],[75.761,11.283],[75.767,11.27],[75.774,11.25],[75.784,11.218],[75.798,11.179],[75.803,11.169],[75.809,11.167],[75.815,11.172],[75.823,11.168],[75.824,11.159],[75.812,11.16],[75.81,11.154],[75.818,11.14],[75.822,11.137],[75.834,11.113],[75.837,11.099],[75.846,11.073],[75.852,11.054],[75.86,11.015],[75.867,10.993],[75.868,10.973],[75.871,10.956],[75.878,10.93],[75.881,10.912],[75.889,10.876],[75.897,10.828],[75.904,10.796],[75.913,10.784],[75.916,10.775],[75.925,10.765],[75.932,10.745],[75.935,10.729],[75.948,10.705],[75.956,10.683],[75.961,10.678],[75.967,10.663],[75.991,10.608],[76.003,10.587],[76.011,10.572],[76.026,10.532],[76.033,10.507],[76.039,10.507],[76.035,10.519],[76.035,10.527],[76.048,10.532],[76.048,10.536],[76.04,10.553],[76.038,10.561],[76.048,10.567],[76.049,10.549],[76.053,10.541],[76.066,10.535],[76.062,10.527],[76.042,10.525],[76.04,10.519],[76.045,10.507],[76.055,10.491],[76.052,10.478],[76.062,10.465],[76.074,10.435],[76.075,10.433],[76.091,10.399],[76.095,10.392],[76.105,10.364],[76.11,10.343],[76.121,10.315],[76.129,10.284],[76.134,10.264],[76.14,10.258],[76.141,10.25],[76.14,10.233],[76.147,10.219],[76.155,10.199],[76.167,10.189],[76.17,10.179],[76.17,10.165],[76.176,10.154],[76.183,10.13],[76.185,10.118],[76.19,10.101],[76.197,10.066],[76.202,10.049],[76.209,10.032],[76.215,10.022],[76.22,10.002],[76.228,9.993],[76.243,9.969],[76.241,9.954],[76.247,9.929],[76.258,9.902],[76.264,9.881],[76.272,9.837],[76.278,9.807],[76.285,9.753],[76.286,9.725],[76.29,9.672],[76.298,9.626],[76.306,9.597],[76.307,9.575],[76.315,9.539],[76.319,9.504],[76.333,9.446],[76.337,9.422],[76.349,9.384],[76.363,9.351],[76.373,9.332],[76.384,9.315],[76.401,9.273],[76.411,9.244],[76.421,9.221],[76.429,9.206],[76.448,9.161],[76.458,9.143],[76.465,9.119],[76.474,9.105],[76.482,9.096],[76.507,9.041],[76.515,9.018],[76.524,8.996],[76.53,8.975],[76.536,8.944],[76.546,8.92],[76.55,8.898],[76.554,8.891],[76.569,8.881],[76.579,8.884],[76.592,8.877],[76.603,8.868],[76.615,8.856],[76.628,8.837],[76.645,8.818],[76.656,8.803],[76.672,8.79],[76.672,8.781],[76.68,8.775],[76.683,8.768],[76.696,8.751],[76.713,8.731],[76.719,8.72],[76.742,8.693],[76.77,8.655],[76.795,8.629],[76.809,8.61],[76.84,8.569],[76.856,8.551],[76.863,8.538],[76.878,8.52],[76.892,8.5],[76.92,8.468],[76.931,8.457],[76.937,8.448],[76.954,8.432],[76.971,8.413],[76.973,8.394],[76.983,8.38],[76.99,8.375],[76.999,8.378],[77.006,8.36],[77.02,8.357],[77.048,8.333],[77.056,8.324],[77.079,8.307],[77.094,8.294],[77.1,8.291],[77.122,8.272],[77.128,8.266],[77.144,8.254],[77.168,8.241],[77.17,8.237],[77.187,8.22],[77.205,8.207],[77.223,8.198],[77.234,8.189],[77.239,8.178],[77.25,8.17],[77.277,8.164],[77.3,8.147],[77.31,8.126],[77.318,8.121],[77.336,8.123],[77.341,8.125],[77.361,8.123],[77.374,8.115],[77.39,8.107],[77.41,8.103],[77.422,8.099],[77.442,8.094],[77.455,8.089],[77.467,8.088],[77.505,8.08],[77.528,8.081],[77.547,8.078],[77.556,8.079],[77.566,8.09],[77.559,8.103],[77.559,8.112],[77.563,8.122],[77.589,8.141],[77.606,8.146],[77.635,8.152],[77.655,8.159],[77.673,8.156],[77.687,8.159],[77.733,8.169],[77.742,8.172],[77.753,8.179],[77.757,8.187],[77.766,8.193],[77.776,8.193],[77.787,8.203],[77.784,8.219],[77.787,8.226],[77.814,8.246],[77.838,8.252],[77.87,8.261],[77.89,8.271],[77.9,8.282],[77.91,8.291],[77.94,8.301],[77.948,8.306],[77.962,8.323],[77.974,8.334],[77.992,8.341],[78.041,8.358],[78.063,8.37],[78.068,8.375],[78.06,8.381],[78.067,8.416],[78.085,8.44],[78.105,8.463],[78.129,8.484],[78.133,8.499],[78.127,8.513],[78.124,8.53],[78.125,8.536],[78.135,8.553],[78.139,8.566],[78.142,8.591],[78.127,8.628],[78.126,8.635],[78.139,8.677],[78.141,8.693],[78.144,8.699],[78.152,8.705],[78.16,8.716],[78.163,8.729],[78.17,8.743],[78.183,8.751],[78.19,8.745],[78.197,8.747],[78.206,8.767],[78.204,8.781],[78.196,8.783],[78.199,8.766],[78.19,8.762],[78.18,8.763],[78.175,8.766],[78.165,8.758],[78.166,8.772],[78.165,8.793],[78.169,8.831],[78.169,8.847],[78.173,8.872],[78.172,8.88],[78.183,8.896],[78.186,8.914],[78.192,8.928],[78.198,8.937],[78.207,8.954],[78.213,8.962],[78.237,8.981],[78.255,8.991],[78.268,9.001],[78.267,9.007],[78.258,9.019],[78.246,9.028],[78.234,9.031],[78.224,9.027],[78.216,9.029],[78.212,9.04],[78.228,9.032],[78.239,9.035],[78.259,9.026],[78.272,9.012],[78.279,9.014],[78.282,9.022],[78.291,9.022],[78.297,9.026],[78.307,9.029],[78.309,9.039],[78.321,9.044],[78.341,9.055],[78.348,9.065],[78.37,9.079],[78.379,9.086],[78.398,9.099],[78.422,9.113],[78.451,9.122],[78.466,9.124],[78.477,9.131],[78.491,9.129],[78.527,9.136],[78.549,9.135],[78.574,9.128],[78.586,9.139],[78.6,9.148],[78.63,9.157],[78.652,9.157],[78.645,9.167],[78.646,9.175],[78.658,9.187],[78.673,9.194],[78.694,9.195],[78.721,9.187],[78.722,9.203],[78.727,9.209],[78.741,9.211],[78.777,9.222],[78.795,9.229],[78.815,9.237],[78.868,9.255],[78.878,9.257],[78.894,9.25],[78.905,9.248],[78.913,9.253],[78.915,9.259],[78.926,9.265],[78.942,9.271],[78.966,9.275],[78.988,9.275],[79.016,9.269],[79.05,9.262],[79.067,9.261],[79.082,9.259],[79.094,9.26],[79.129,9.269],[79.15,9.275],[79.184,9.278],[79.187,9.288],[79.161,9.288],[79.153,9.286],[79.148,9.288],[79.121,9.293],[79.101,9.289],[79.096,9.29],[79.08,9.297],[79.063,9.295],[79.052,9.3],[79.016,9.329],[79.015,9.332],[78.988,9.354],[78.97,9.372],[78.957,9.388],[78.942,9.402],[78.93,9.416],[78.914,9.437],[78.907,9.45],[78.9,9.457],[78.895,9.479],[78.898,9.489],[78.908,9.497],[78.915,9.5],[78.915,9.51],[78.919,9.531],[78.92,9.547],[78.919,9.565],[78.925,9.586],[78.936,9.603],[78.949,9.616],[78.955,9.626],[78.971,9.661],[78.974,9.665],[78.977,9.683],[78.983,9.697],[78.992,9.713],[79.014,9.732],[79.025,9.744],[79.029,9.752],[79.045,9.766],[79.056,9.771],[79.075,9.793],[79.081,9.811],[79.09,9.823],[79.105,9.839],[79.12,9.852],[79.123,9.858],[79.12,9.878],[79.125,9.889],[79.144,9.904],[79.151,9.911],[79.157,9.93],[79.167,9.943],[79.195,9.964],[79.208,9.98],[79.222,10.007],[79.251,10.029],[79.263,10.036],[79.262,10.045],[79.251,10.05],[79.251,10.06],[79.246,10.063],[79.245,10.071],[79.233,10.076],[79.226,10.104],[79.228,10.113],[79.233,10.124],[79.229,10.134],[79.229,10.145],[79.238,10.161],[79.24,10.175],[79.25,10.189],[79.262,10.194],[79.268,10.2],[79.278,10.214],[79.277,10.222],[79.272,10.226],[79.276,10.238],[79.293,10.253],[79.299,10.264],[79.318,10.272],[79.329,10.286],[79.353,10.29],[79.349,10.302],[79.365,10.298],[79.372,10.305],[79.377,10.314],[79.388,10.322],[79.402,10.325],[79.439,10.325],[79.464,10.321],[79.482,10.317],[79.493,10.316],[79.519,10.312],[79.528,10.317],[79.538,10.327],[79.538,10.341],[79.527,10.355],[79.533,10.356],[79.55,10.349],[79.582,10.342],[79.6,10.348],[79.613,10.34],[79.615,10.335],[79.611,10.33],[79.598,10.328],[79.577,10.329],[79.565,10.331],[79.556,10.33],[79.545,10.309],[79.564,10.308],[79.579,10.306],[79.594,10.305],[79.617,10.302],[79.652,10.29],[79.666,10.291],[79.68,10.289],[79.697,10.284],[79.706,10.284],[79.72,10.28],[79.741,10.277],[79.769,10.273],[79.776,10.275],[79.773,10.282],[79.76,10.289],[79.751,10.289],[79.748,10.3],[79.738,10.298],[79.732,10.292],[79.723,10.289],[79.7,10.295],[79.681,10.307],[79.673,10.311],[79.663,10.312],[79.648,10.316],[79.632,10.316],[79.613,10.318],[79.612,10.322],[79.623,10.326],[79.627,10.331],[79.638,10.338],[79.679,10.324],[79.688,10.319],[79.706,10.312],[79.724,10.31],[79.717,10.32],[79.704,10.326],[79.708,10.331],[79.719,10.329],[79.729,10.33],[79.735,10.324],[79.739,10.316],[79.759,10.311],[79.77,10.301],[79.786,10.29],[79.787,10.279],[79.791,10.273],[79.798,10.271],[79.82,10.277],[79.849,10.281],[79.866,10.286],[79.878,10.286],[79.879,10.29],[79.878,10.309],[79.876,10.314],[79.871,10.34],[79.868,10.38],[79.867,10.41],[79.866,10.418],[79.864,10.467],[79.862,10.493],[79.859,10.563],[79.858,10.569],[79.858,10.593],[79.857,10.669],[79.853,10.681],[79.851,10.716],[79.851,10.764],[79.85,10.809],[79.847,10.817],[79.85,10.823],[79.849,10.871],[79.838,10.877],[79.849,10.88],[79.849,10.901],[79.852,10.916],[79.853,10.967],[79.853,10.995],[79.857,11.013],[79.857,11.076],[79.855,11.081],[79.858,11.091],[79.858,11.111],[79.857,11.151],[79.854,11.195],[79.846,11.247],[79.838,11.283],[79.835,11.3],[79.834,11.328],[79.84,11.346],[79.838,11.355],[79.823,11.356],[79.812,11.349],[79.814,11.358],[79.799,11.369],[79.801,11.376],[79.811,11.369],[79.822,11.364],[79.825,11.367],[79.81,11.439],[79.808,11.446],[79.793,11.474],[79.791,11.476],[79.778,11.509],[79.767,11.523],[79.763,11.538],[79.759,11.564],[79.758,11.578],[79.759,11.613],[79.762,11.629],[79.77,11.674],[79.776,11.699],[79.786,11.729],[79.771,11.737],[79.77,11.745],[79.78,11.739],[79.786,11.739],[79.793,11.756],[79.794,11.78],[79.798,11.797],[79.815,11.858],[79.823,11.899],[79.839,11.951],[79.846,11.976],[79.848,11.98],[79.86,12.01],[79.86,12.013],[79.888,12.07],[79.914,12.109],[79.918,12.118],[79.948,12.163],[79.961,12.183],[79.99,12.227],[79.99,12.23],[80,12.246],[80.003,12.254],[80.019,12.282],[80.024,12.286],[80.044,12.314],[80.055,12.331],[80.068,12.349],[80.079,12.36],[80.108,12.396],[80.122,12.411],[80.138,12.432],[80.131,12.447],[80.137,12.448],[80.144,12.445],[80.149,12.448],[80.141,12.456],[80.149,12.459],[80.149,12.47],[80.159,12.469],[80.164,12.478],[80.164,12.517],[80.168,12.531],[80.18,12.552],[80.188,12.572],[80.192,12.591],[80.196,12.604],[80.201,12.622],[80.208,12.642],[80.222,12.682],[80.226,12.698],[80.232,12.71],[80.237,12.726],[80.246,12.75],[80.254,12.767],[80.256,12.781],[80.252,12.79],[80.247,12.793],[80.247,12.801],[80.251,12.84],[80.252,12.878],[80.26,12.937],[80.271,12.981],[80.273,12.995],[80.279,13.013],[80.283,13.034],[80.285,13.055],[80.291,13.072],[80.301,13.084],[80.306,13.099],[80.301,13.102],[80.298,13.119],[80.299,13.132],[80.308,13.152],[80.315,13.178],[80.333,13.245],[80.342,13.27],[80.346,13.293],[80.346,13.312],[80.341,13.351],[80.337,13.369],[80.333,13.402],[80.333,13.409],[80.327,13.413],[80.328,13.385],[80.32,13.388],[80.306,13.397],[80.295,13.399],[80.289,13.403],[80.287,13.411],[80.292,13.413],[80.291,13.421],[80.284,13.427],[80.287,13.44],[80.298,13.435],[80.311,13.432],[80.31,13.449],[80.318,13.452],[80.318,13.458],[80.313,13.462],[80.302,13.476],[80.293,13.498],[80.29,13.512],[80.284,13.534],[80.274,13.557],[80.256,13.59],[80.244,13.619],[80.237,13.656],[80.236,13.683],[80.24,13.716],[80.244,13.73],[80.248,13.759],[80.249,13.788],[80.245,13.805],[80.239,13.808],[80.239,13.826],[80.224,13.86],[80.216,13.874],[80.207,13.899],[80.2,13.913],[80.169,13.992],[80.159,13.993],[80.156,14.002],[80.144,14.018],[80.146,14.023],[80.154,14.024],[80.145,14.056],[80.141,14.08],[80.137,14.104],[80.13,14.136],[80.129,14.149],[80.129,14.184],[80.133,14.211],[80.137,14.237],[80.127,14.247],[80.137,14.247],[80.146,14.254],[80.144,14.267],[80.147,14.284],[80.151,14.299],[80.163,14.322],[80.169,14.34],[80.173,14.347],[80.173,14.374],[80.174,14.384],[80.179,14.441],[80.179,14.457],[80.182,14.48],[80.187,14.514],[80.191,14.55],[80.195,14.564],[80.189,14.567],[80.171,14.567],[80.143,14.556],[80.13,14.546],[80.116,14.53],[80.093,14.534],[80.107,14.544],[80.118,14.548],[80.135,14.558],[80.147,14.568],[80.165,14.575],[80.18,14.583],[80.184,14.59],[80.182,14.596],[80.172,14.606],[80.164,14.621],[80.16,14.636],[80.154,14.671],[80.145,14.691],[80.139,14.694],[80.129,14.682],[80.121,14.683],[80.12,14.69],[80.134,14.695],[80.134,14.704],[80.13,14.714],[80.114,14.733],[80.096,14.78],[80.095,14.788],[80.091,14.801],[80.077,14.809],[80.075,14.817],[80.089,14.814],[80.086,14.822],[80.093,14.827],[80.093,14.833],[80.088,14.857],[80.086,14.876],[80.074,14.925],[80.063,14.987],[80.053,15],[80.048,15.022],[80.046,15.05],[80.047,15.074],[80.051,15.113],[80.059,15.137],[80.065,15.164],[80.074,15.182],[80.063,15.186],[80.053,15.199],[80.043,15.205],[80.032,15.207],[80.035,15.213],[80.048,15.213],[80.062,15.202],[80.071,15.193],[80.084,15.195],[80.087,15.216],[80.082,15.233],[80.08,15.257],[80.084,15.278],[80.091,15.291],[80.1,15.326],[80.109,15.346],[80.119,15.36],[80.13,15.38],[80.154,15.406],[80.157,15.414],[80.17,15.427],[80.173,15.434],[80.184,15.45],[80.197,15.463],[80.202,15.476],[80.202,15.485],[80.21,15.495],[80.204,15.5],[80.194,15.49],[80.187,15.489],[80.187,15.496],[80.195,15.499],[80.207,15.509],[80.212,15.519],[80.213,15.535],[80.207,15.541],[80.191,15.551],[80.186,15.56],[80.179,15.56],[80.171,15.553],[80.159,15.553],[80.14,15.55],[80.136,15.559],[80.154,15.56],[80.164,15.559],[80.169,15.561],[80.169,15.57],[80.175,15.573],[80.181,15.567],[80.196,15.559],[80.207,15.547],[80.219,15.543],[80.223,15.547],[80.228,15.569],[80.234,15.584],[80.24,15.614],[80.244,15.621],[80.252,15.64],[80.26,15.65],[80.267,15.665],[80.277,15.682],[80.288,15.69],[80.298,15.703],[80.311,15.717],[80.321,15.724],[80.336,15.743],[80.345,15.752],[80.36,15.764],[80.393,15.784],[80.433,15.804],[80.448,15.809],[80.46,15.816],[80.47,15.819],[80.488,15.827],[80.5,15.834],[80.516,15.842],[80.521,15.846],[80.512,15.858],[80.524,15.861],[80.547,15.861],[80.534,15.854],[80.541,15.851],[80.563,15.861],[80.579,15.867],[80.594,15.869],[80.605,15.868],[80.641,15.878],[80.669,15.879],[80.691,15.883],[80.731,15.886],[80.744,15.885],[80.756,15.88],[80.782,15.863],[80.808,15.836],[80.814,15.82],[80.816,15.809],[80.813,15.795],[80.814,15.781],[80.812,15.77],[80.815,15.758],[80.82,15.744],[80.816,15.742],[80.81,15.751],[80.804,15.745],[80.807,15.734],[80.804,15.72],[80.811,15.713],[80.824,15.713],[80.839,15.707],[80.851,15.708],[80.861,15.717],[80.878,15.722],[80.915,15.727],[80.917,15.731],[80.911,15.741],[80.896,15.755],[80.892,15.761],[80.876,15.794],[80.861,15.812],[80.863,15.822],[80.872,15.82],[80.874,15.807],[80.887,15.789],[80.895,15.772],[80.91,15.755],[80.92,15.747],[80.938,15.729],[80.945,15.728],[80.96,15.736],[80.987,15.755],[80.989,15.765],[80.966,15.784],[80.959,15.794],[80.94,15.807],[80.949,15.811],[80.957,15.807],[80.976,15.789],[80.977,15.786],[80.991,15.778],[81.007,15.763],[81.012,15.769],[81.012,15.776],[81.003,15.79],[81,15.8],[80.996,15.824],[80.999,15.833],[81.013,15.853],[81.034,15.88],[81.04,15.892],[81.045,15.897],[81.063,15.908],[81.079,15.924],[81.103,15.936],[81.111,15.943],[81.14,15.961],[81.141,15.965],[81.127,15.973],[81.113,15.989],[81.111,15.994],[81.104,15.999],[81.085,16],[81.087,16.005],[81.099,16.008],[81.114,16.003],[81.129,15.982],[81.143,15.975],[81.153,15.975],[81.153,15.979],[81.148,15.993],[81.146,16.009],[81.148,16.019],[81.152,16.032],[81.161,16.05],[81.181,16.076],[81.185,16.084],[81.189,16.103],[81.193,16.129],[81.198,16.146],[81.2,16.164],[81.206,16.177],[81.211,16.193],[81.212,16.205],[81.223,16.227],[81.229,16.234],[81.258,16.258],[81.266,16.267],[81.253,16.27],[81.263,16.279],[81.266,16.294],[81.246,16.301],[81.253,16.309],[81.258,16.319],[81.287,16.324],[81.315,16.338],[81.304,16.349],[81.313,16.352],[81.312,16.359],[81.331,16.364],[81.347,16.366],[81.356,16.36],[81.368,16.356],[81.372,16.36],[81.382,16.359],[81.393,16.368],[81.4,16.377],[81.409,16.381],[81.413,16.378],[81.408,16.371],[81.409,16.356],[81.401,16.36],[81.392,16.356],[81.391,16.352],[81.403,16.346],[81.405,16.337],[81.433,16.342],[81.46,16.344],[81.485,16.347],[81.515,16.352],[81.529,16.351],[81.548,16.356],[81.554,16.36],[81.554,16.375],[81.548,16.381],[81.55,16.39],[81.557,16.385],[81.566,16.368],[81.58,16.36],[81.573,16.357],[81.573,16.348],[81.593,16.342],[81.65,16.338],[81.661,16.336],[81.683,16.328],[81.697,16.322],[81.7,16.319],[81.702,16.305],[81.709,16.303],[81.716,16.312],[81.719,16.327],[81.724,16.332],[81.723,16.343],[81.725,16.356],[81.735,16.357],[81.735,16.343],[81.723,16.313],[81.726,16.307],[81.75,16.317],[81.777,16.33],[81.784,16.335],[81.808,16.348],[81.827,16.356],[81.84,16.364],[81.855,16.371],[81.865,16.372],[81.894,16.381],[81.91,16.387],[81.938,16.391],[81.95,16.398],[81.955,16.415],[81.957,16.426],[81.964,16.437],[81.969,16.433],[81.963,16.408],[81.964,16.398],[81.968,16.396],[81.988,16.409],[82.007,16.423],[82.022,16.43],[82.034,16.434],[82.069,16.45],[82.09,16.462],[82.104,16.469],[82.118,16.474],[82.138,16.485],[82.143,16.517],[82.155,16.531],[82.164,16.55],[82.18,16.561],[82.198,16.565],[82.2,16.558],[82.192,16.548],[82.169,16.521],[82.167,16.507],[82.158,16.498],[82.159,16.494],[82.168,16.496],[82.183,16.503],[82.201,16.516],[82.219,16.525],[82.23,16.534],[82.249,16.542],[82.258,16.545],[82.288,16.548],[82.295,16.551],[82.313,16.555],[82.31,16.56],[82.296,16.556],[82.281,16.555],[82.265,16.556],[82.27,16.564],[82.288,16.566],[82.298,16.57],[82.305,16.591],[82.296,16.598],[82.288,16.619],[82.292,16.62],[82.3,16.609],[82.306,16.605],[82.31,16.607],[82.315,16.626],[82.322,16.624],[82.327,16.611],[82.326,16.599],[82.327,16.582],[82.313,16.586],[82.321,16.575],[82.327,16.573],[82.332,16.58],[82.333,16.596],[82.336,16.604],[82.335,16.624],[82.324,16.651],[82.335,16.667],[82.352,16.68],[82.364,16.693],[82.368,16.702],[82.359,16.705],[82.356,16.692],[82.348,16.687],[82.34,16.689],[82.343,16.7],[82.343,16.71],[82.329,16.715],[82.321,16.72],[82.32,16.725],[82.33,16.729],[82.345,16.721],[82.351,16.724],[82.349,16.737],[82.349,16.751],[82.367,16.815],[82.372,16.826],[82.376,16.843],[82.375,16.869],[82.375,16.879],[82.372,16.923],[82.368,16.94],[82.351,16.973],[82.344,16.98],[82.333,16.982],[82.34,16.966],[82.354,16.955],[82.356,16.946],[82.362,16.939],[82.366,16.928],[82.367,16.903],[82.367,16.867],[82.365,16.862],[82.365,16.826],[82.358,16.822],[82.354,16.831],[82.357,16.842],[82.352,16.849],[82.337,16.849],[82.327,16.851],[82.322,16.842],[82.316,16.84],[82.311,16.852],[82.304,16.857],[82.283,16.861],[82.282,16.867],[82.274,16.866],[82.267,16.872],[82.262,16.883],[82.251,16.887],[82.249,16.897],[82.253,16.932],[82.266,16.931],[82.27,16.936],[82.272,16.951],[82.279,16.971],[82.28,16.984],[82.284,16.996],[82.296,17.014],[82.301,17.024],[82.337,17.059],[82.354,17.074],[82.371,17.094],[82.399,17.119],[82.41,17.127],[82.426,17.144],[82.446,17.164],[82.462,17.175],[82.487,17.196],[82.508,17.213],[82.525,17.229],[82.56,17.256],[82.604,17.282],[82.63,17.299],[82.657,17.314],[82.68,17.325],[82.687,17.33],[82.708,17.342],[82.719,17.347],[82.734,17.357],[82.753,17.366],[82.81,17.39],[82.84,17.4],[82.866,17.415],[82.909,17.434],[82.932,17.445],[82.945,17.453],[82.969,17.463],[82.98,17.465],[82.993,17.471],[83.005,17.482],[83.007,17.495],[83.026,17.508],[83.045,17.517],[83.074,17.525],[83.086,17.53],[83.099,17.547],[83.111,17.551],[83.106,17.539],[83.124,17.545],[83.14,17.547],[83.156,17.553],[83.168,17.56],[83.174,17.567],[83.198,17.581],[83.217,17.59],[83.225,17.597],[83.232,17.608],[83.231,17.616],[83.225,17.614],[83.214,17.617],[83.197,17.627],[83.198,17.638],[83.208,17.646],[83.216,17.647],[83.223,17.639],[83.228,17.629],[83.241,17.625],[83.26,17.643],[83.284,17.656],[83.29,17.662],[83.295,17.671],[83.3,17.69],[83.304,17.696],[83.315,17.702],[83.33,17.707],[83.34,17.714],[83.346,17.721],[83.347,17.733],[83.353,17.749],[83.358,17.755],[83.378,17.768],[83.388,17.781],[83.408,17.799],[83.416,17.807],[83.419,17.816],[83.417,17.83],[83.405,17.838],[83.407,17.846],[83.414,17.841],[83.423,17.853],[83.438,17.864],[83.453,17.88],[83.455,17.892],[83.449,17.903],[83.446,17.92],[83.452,17.92],[83.46,17.915],[83.475,17.911],[83.516,17.935],[83.537,17.949],[83.554,17.963],[83.561,17.973],[83.563,17.991],[83.566,18.002],[83.564,18.009],[83.557,18.012],[83.56,18.02],[83.571,18.013],[83.582,18.012],[83.587,18.015],[83.605,18.033],[83.63,18.052],[83.668,18.073],[83.664,18.085],[83.675,18.083],[83.692,18.092],[83.703,18.102],[83.728,18.115],[83.739,18.118],[83.777,18.139],[83.805,18.148],[83.839,18.161],[83.856,18.165],[83.869,18.171],[83.874,18.176],[83.881,18.188],[83.898,18.197],[83.933,18.208],[83.927,18.216],[83.926,18.224],[83.932,18.225],[83.943,18.216],[83.954,18.214],[83.977,18.23],[83.992,18.236],[84.006,18.244],[84.03,18.252],[84.058,18.263],[84.075,18.279],[84.118,18.301],[84.126,18.313],[84.127,18.332],[84.119,18.339],[84.112,18.341],[84.091,18.336],[84.073,18.326],[84.059,18.325],[84.05,18.328],[84.041,18.335],[84.029,18.34],[83.993,18.35],[83.996,18.36],[84.02,18.349],[84.039,18.345],[84.046,18.34],[84.061,18.336],[84.07,18.336],[84.085,18.341],[84.092,18.346],[84.104,18.349],[84.117,18.35],[84.135,18.35],[84.142,18.356],[84.149,18.369],[84.175,18.395],[84.199,18.418],[84.222,18.442],[84.234,18.452],[84.25,18.463],[84.261,18.475],[84.283,18.495],[84.349,18.548],[84.344,18.551],[84.325,18.538],[84.304,18.532],[84.293,18.526],[84.28,18.512],[84.274,18.519],[84.289,18.531],[84.309,18.542],[84.312,18.549],[84.31,18.554],[84.315,18.561],[84.322,18.562],[84.334,18.558],[84.334,18.574],[84.34,18.575],[84.348,18.583],[84.351,18.575],[84.348,18.565],[84.359,18.565],[84.363,18.576],[84.379,18.601],[84.387,18.61],[84.404,18.625],[84.412,18.636],[84.425,18.642],[84.437,18.65],[84.443,18.659],[84.437,18.664],[84.424,18.661],[84.416,18.668],[84.429,18.67],[84.432,18.677],[84.446,18.674],[84.454,18.688],[84.466,18.7],[84.482,18.721],[84.493,18.734],[84.517,18.756],[84.531,18.768],[84.544,18.776],[84.555,18.786],[84.557,18.802],[84.561,18.807],[84.571,18.836],[84.58,18.843],[84.583,18.857],[84.581,18.867],[84.571,18.869],[84.559,18.87],[84.558,18.875],[84.569,18.876],[84.592,18.871],[84.598,18.875],[84.613,18.893],[84.616,18.898],[84.633,18.916],[84.652,18.932],[84.669,18.946],[84.673,18.952],[84.692,18.969],[84.706,18.991],[84.711,19.002],[84.718,19.01],[84.732,19.022],[84.743,19.035],[84.746,19.045],[84.741,19.05],[84.734,19.039],[84.733,19.031],[84.725,19.03],[84.723,19.038],[84.728,19.051],[84.743,19.059],[84.755,19.055],[84.76,19.067],[84.769,19.08],[84.776,19.088],[84.794,19.122],[84.8,19.138],[84.809,19.153],[84.825,19.174],[84.839,19.191],[84.873,19.227],[84.891,19.244],[84.915,19.266],[84.938,19.284],[84.967,19.304],[84.997,19.321],[85.02,19.337],[85.076,19.371],[85.092,19.38],[85.096,19.395],[85.1,19.403],[85.127,19.427],[85.177,19.463],[85.186,19.472],[85.214,19.494],[85.247,19.516],[85.255,19.522],[85.351,19.584],[85.378,19.596],[85.396,19.607],[85.426,19.622],[85.445,19.632],[85.468,19.641],[85.486,19.651],[85.503,19.657],[85.537,19.671],[85.563,19.682],[85.57,19.688],[85.63,19.714],[85.644,19.724],[85.652,19.726],[85.667,19.736],[85.682,19.743],[85.696,19.751],[85.714,19.756],[85.741,19.766],[85.758,19.77],[85.771,19.775],[85.821,19.791],[85.839,19.795],[85.846,19.799],[85.886,19.811],[85.898,19.817],[85.974,19.833],[86.002,19.837],[86.028,19.839],[86.045,19.841],[86.058,19.846],[86.068,19.852],[86.092,19.854],[86.105,19.861],[86.113,19.862],[86.167,19.878],[86.197,19.883],[86.229,19.895],[86.231,19.902],[86.221,19.909],[86.223,19.925],[86.226,19.931],[86.232,19.933],[86.246,19.923],[86.242,19.911],[86.246,19.908],[86.256,19.912],[86.27,19.924],[86.299,19.934],[86.351,19.946],[86.367,19.948],[86.375,19.952],[86.371,19.959],[86.368,19.975],[86.379,19.982],[86.382,20.001],[86.389,20.004],[86.4,19.999],[86.407,20.006],[86.415,20.028],[86.429,20.053],[86.438,20.057],[86.443,20.052],[86.45,20.064],[86.462,20.077],[86.48,20.092],[86.498,20.122],[86.527,20.168],[86.535,20.177],[86.555,20.192],[86.582,20.209],[86.586,20.215],[86.608,20.227],[86.674,20.258],[86.673,20.268],[86.693,20.274],[86.739,20.298],[86.757,20.308],[86.784,20.326],[86.78,20.359],[86.782,20.365],[86.781,20.372],[86.774,20.374],[86.781,20.381],[86.774,20.39],[86.766,20.389],[86.751,20.379],[86.745,20.38],[86.747,20.39],[86.741,20.396],[86.735,20.394],[86.732,20.381],[86.727,20.377],[86.722,20.388],[86.715,20.392],[86.73,20.401],[86.733,20.411],[86.733,20.441],[86.739,20.46],[86.737,20.465],[86.727,20.475],[86.727,20.482],[86.735,20.482],[86.74,20.477],[86.752,20.474],[86.76,20.493],[86.754,20.515],[86.761,20.515],[86.763,20.507],[86.77,20.505],[86.778,20.519],[86.787,20.529],[86.823,20.556],[86.856,20.574],[86.902,20.607],[86.914,20.618],[86.932,20.632],[86.945,20.638],[86.954,20.645],[86.975,20.658],[86.987,20.666],[87.015,20.683],[87.037,20.701],[87.056,20.711],[87.054,20.715],[87.043,20.71],[87.015,20.694],[87.007,20.695],[86.998,20.699],[86.978,20.697],[86.966,20.688],[86.965,20.696],[86.972,20.699],[86.969,20.706],[86.94,20.706],[86.929,20.703],[86.91,20.706],[86.912,20.715],[86.928,20.714],[86.944,20.717],[86.974,20.712],[86.998,20.71],[87.007,20.713],[87.01,20.72],[87.006,20.737],[87,20.746],[86.999,20.763],[86.994,20.769],[86.985,20.772],[86.951,20.763],[86.942,20.766],[86.922,20.766],[86.905,20.762],[86.898,20.763],[86.881,20.773],[86.871,20.774],[86.857,20.773],[86.846,20.767],[86.831,20.755],[86.823,20.732],[86.814,20.73],[86.798,20.738],[86.795,20.75],[86.799,20.755],[86.807,20.755],[86.815,20.752],[86.82,20.757],[86.823,20.769],[86.832,20.775],[86.849,20.782],[86.857,20.789],[86.872,20.794],[86.876,20.805],[86.882,20.808],[86.885,20.794],[86.903,20.792],[86.915,20.793],[86.928,20.79],[86.942,20.792],[86.959,20.787],[86.974,20.793],[86.98,20.822],[86.981,20.849],[86.979,20.86],[86.964,20.886],[86.954,20.897],[86.948,20.914],[86.94,20.922],[86.935,20.935],[86.911,20.978],[86.905,20.996],[86.898,21.009],[86.875,21.044],[86.869,21.062],[86.864,21.07],[86.86,21.088],[86.855,21.094],[86.845,21.135],[86.843,21.157],[86.845,21.173],[86.853,21.195],[86.863,21.212],[86.866,21.222],[86.877,21.238],[86.893,21.255],[86.909,21.285],[86.923,21.307],[86.939,21.338],[86.947,21.352],[86.957,21.364],[86.967,21.373],[86.987,21.389],[87.041,21.419],[87.065,21.441],[87.068,21.446],[87.069,21.461],[87.074,21.462],[87.088,21.459],[87.097,21.465],[87.113,21.484],[87.129,21.495],[87.15,21.508],[87.19,21.524],[87.205,21.53],[87.223,21.535],[87.238,21.537],[87.267,21.539],[87.275,21.538],[87.32,21.541],[87.329,21.54],[87.361,21.541],[87.371,21.539],[87.388,21.532],[87.397,21.532],[87.395,21.542],[87.376,21.556],[87.373,21.563],[87.359,21.568],[87.346,21.569],[87.338,21.576],[87.347,21.58],[87.357,21.576],[87.374,21.576],[87.384,21.573],[87.395,21.565],[87.403,21.548],[87.41,21.545],[87.417,21.549],[87.427,21.572],[87.448,21.587],[87.474,21.6],[87.502,21.604],[87.534,21.608],[87.558,21.614],[87.564,21.621],[87.574,21.617],[87.585,21.62],[87.605,21.622],[87.633,21.627],[87.655,21.632],[87.667,21.632],[87.707,21.645],[87.731,21.658],[87.744,21.668],[87.759,21.684],[87.765,21.681],[87.785,21.687],[87.815,21.701],[87.837,21.716],[87.87,21.746],[87.875,21.754],[87.897,21.774],[87.897,21.782],[87.91,21.785],[87.926,21.795],[87.941,21.807],[87.961,21.826],[87.976,21.845],[87.975,21.85],[87.992,21.885],[88.004,21.904],[88.011,21.92],[88.013,21.928],[88.021,21.95],[88.031,21.968],[88.036,21.981],[88.046,22],[88.052,22.007],[88.053,22.013],[88.033,22.025],[88.018,22.04],[88.014,22.064],[88.011,22.07],[87.991,22.087],[87.982,22.099],[87.97,22.094],[87.96,22.096],[87.963,22.103],[87.985,22.105],[87.992,22.103],[87.998,22.09],[88.009,22.084],[88.028,22.068],[88.034,22.061],[88.027,22.048],[88.038,22.035],[88.062,22.013],[88.083,22.021],[88.113,22.042],[88.129,22.051],[88.149,22.06],[88.167,22.074],[88.178,22.085],[88.189,22.099],[88.194,22.111],[88.191,22.116],[88.174,22.134],[88.146,22.168],[88.142,22.178],[88.136,22.185],[88.106,22.192],[88.086,22.187],[88.073,22.187],[88.066,22.19],[88.05,22.205],[88.035,22.209],[88.027,22.202],[88.018,22.2],[88.007,22.202],[87.99,22.209],[87.975,22.222],[87.972,22.237],[87.959,22.244],[87.94,22.26],[87.938,22.265],[87.936,22.285],[87.936,22.299],[87.933,22.314],[87.944,22.325],[87.947,22.34],[87.941,22.359],[87.943,22.364],[87.93,22.404],[87.913,22.422],[87.9,22.421],[87.894,22.424],[87.881,22.438],[87.883,22.441],[87.894,22.435],[87.921,22.436],[87.927,22.429],[87.927,22.42],[87.949,22.399],[87.95,22.383],[87.956,22.37],[87.958,22.348],[87.957,22.317],[87.961,22.305],[87.959,22.285],[87.96,22.28],[87.984,22.246],[87.994,22.239],[88.026,22.222],[88.049,22.22],[88.065,22.236],[88.075,22.253],[88.076,22.272],[88.079,22.284],[88.089,22.302],[88.105,22.304],[88.105,22.296],[88.1,22.282],[88.089,22.263],[88.088,22.247],[88.083,22.231],[88.07,22.216],[88.073,22.21],[88.088,22.208],[88.117,22.209],[88.129,22.203],[88.152,22.199],[88.164,22.198],[88.181,22.192],[88.188,22.187],[88.203,22.166],[88.211,22.149],[88.211,22.132],[88.221,22.105],[88.224,22.09],[88.222,22.068],[88.217,22.054],[88.214,22.035],[88.208,22.023],[88.196,22.004],[88.179,21.982],[88.17,21.974],[88.163,21.97],[88.154,21.96],[88.161,21.945],[88.174,21.934],[88.176,21.92],[88.165,21.891],[88.164,21.879],[88.178,21.849],[88.19,21.836],[88.201,21.819],[88.209,21.801],[88.213,21.789],[88.218,21.777],[88.217,21.764],[88.23,21.763],[88.236,21.76],[88.255,21.758],[88.269,21.757],[88.274,21.752],[88.271,21.743],[88.263,21.732],[88.272,21.731],[88.273,21.738],[88.282,21.755],[88.279,21.77],[88.273,21.775],[88.265,21.786],[88.258,21.801],[88.26,21.81],[88.269,21.818],[88.287,21.825],[88.297,21.826],[88.306,21.831],[88.314,21.845],[88.311,21.855],[88.316,21.86],[88.326,21.862],[88.339,21.861],[88.345,21.857],[88.355,21.856],[88.356,21.841],[88.354,21.829],[88.356,21.82],[88.364,21.809],[88.364,21.798],[88.382,21.792],[88.387,21.795],[88.392,21.803],[88.392,21.813],[88.386,21.829],[88.386,21.839],[88.394,21.852],[88.395,21.877],[88.397,21.886],[88.412,21.887],[88.416,21.901],[88.424,21.908],[88.432,21.903],[88.442,21.911],[88.462,21.918],[88.456,21.905],[88.458,21.898],[88.474,21.895],[88.477,21.904],[88.483,21.91],[88.502,21.915],[88.521,21.912],[88.509,21.905],[88.495,21.885],[88.495,21.879],[88.499,21.874],[88.528,21.853],[88.537,21.857],[88.539,21.87],[88.548,21.882],[88.548,21.89],[88.539,21.899],[88.545,21.906],[88.564,21.899],[88.57,21.903],[88.578,21.89],[88.602,21.907],[88.611,21.921],[88.609,21.932],[88.615,21.938],[88.608,21.946],[88.6,21.962],[88.598,21.968],[88.6,21.983],[88.607,22.002],[88.614,22.013],[88.614,22.02],[88.635,22.043],[88.627,22.057],[88.627,22.069],[88.619,22.105],[88.623,22.123],[88.626,22.13],[88.64,22.143],[88.638,22.155],[88.643,22.164],[88.655,22.177],[88.664,22.185],[88.671,22.197],[88.673,22.205],[88.662,22.209],[88.642,22.207],[88.634,22.212],[88.631,22.223],[88.634,22.228],[88.643,22.234],[88.657,22.25],[88.658,22.259],[88.665,22.273],[88.679,22.294],[88.681,22.285],[88.671,22.273],[88.661,22.251],[88.658,22.239],[88.637,22.224],[88.635,22.216],[88.639,22.213],[88.653,22.211],[88.657,22.216],[88.671,22.216],[88.681,22.21],[88.699,22.21],[88.715,22.201],[88.734,22.196],[88.745,22.21],[88.75,22.22],[88.744,22.229],[88.752,22.23],[88.752,22.221],[88.747,22.209],[88.747,22.199],[88.76,22.194],[88.768,22.194],[88.771,22.185],[88.789,22.178],[88.794,22.171],[88.806,22.182],[88.815,22.181],[88.832,22.167],[88.838,22.173],[88.827,22.196],[88.82,22.195],[88.817,22.197],[88.815,22.206],[88.806,22.208],[88.801,22.228],[88.811,22.229],[88.818,22.232],[88.825,22.241],[88.828,22.257],[88.826,22.265],[88.817,22.263],[88.817,22.272],[88.827,22.266],[88.83,22.254],[88.828,22.242],[88.82,22.232],[88.811,22.227],[88.805,22.221],[88.807,22.209],[88.815,22.207],[88.821,22.196],[88.826,22.199],[88.825,22.204],[88.828,22.21],[88.837,22.207],[88.841,22.193],[88.849,22.194],[88.85,22.202],[88.855,22.206],[88.86,22.205],[88.867,22.196],[88.866,22.189],[88.872,22.171],[88.885,22.168],[88.892,22.176],[88.902,22.177],[88.909,22.169],[88.918,22.165],[88.921,22.175],[88.906,22.192],[88.906,22.201],[88.913,22.209],[88.917,22.225],[88.921,22.233],[88.926,22.229],[88.943,22.225],[88.954,22.226],[88.951,22.243],[88.939,22.248],[88.933,22.254],[88.93,22.264],[88.936,22.285],[88.937,22.297],[88.912,22.312],[88.905,22.318],[88.9,22.332],[88.892,22.343],[88.876,22.353],[88.861,22.366],[88.853,22.383],[88.846,22.388],[88.853,22.395],[88.856,22.408],[88.848,22.431],[88.837,22.432],[88.819,22.43],[88.803,22.443],[88.8,22.459],[88.792,22.475],[88.79,22.481],[88.78,22.493],[88.78,22.503],[88.77,22.511],[88.755,22.515],[88.745,22.515],[88.736,22.51],[88.731,22.512],[88.725,22.517],[88.718,22.519],[88.712,22.526],[88.708,22.528],[88.702,22.525],[88.691,22.522],[88.691,22.528],[88.701,22.531],[88.708,22.529],[88.714,22.526],[88.718,22.521],[88.726,22.519],[88.734,22.511],[88.742,22.515],[88.753,22.517],[88.772,22.513],[88.784,22.503],[88.796,22.497],[88.8,22.489],[88.811,22.482],[88.814,22.472],[88.814,22.456],[88.83,22.447],[88.827,22.436],[88.839,22.437],[88.853,22.433],[88.859,22.448],[88.852,22.456],[88.855,22.463],[88.858,22.484],[88.865,22.486],[88.859,22.499],[88.844,22.502],[88.843,22.507],[88.845,22.51],[88.856,22.512],[88.86,22.52],[88.867,22.523],[88.866,22.53],[88.869,22.546],[88.878,22.545],[88.896,22.563],[88.938,22.571],[88.936,22.591],[88.94,22.598],[88.957,22.61],[88.957,22.616],[88.942,22.62],[88.935,22.637],[88.932,22.641],[88.936,22.651],[88.95,22.663],[88.952,22.673],[88.962,22.694],[88.942,22.712],[88.934,22.728],[88.924,22.737],[88.924,22.75],[88.922,22.756],[88.924,22.768],[88.933,22.777],[88.936,22.784],[88.942,22.79],[88.961,22.797],[88.962,22.809],[88.969,22.832],[88.971,22.845],[88.959,22.86],[88.949,22.88],[88.941,22.872],[88.936,22.871],[88.918,22.877],[88.912,22.88],[88.91,22.892],[88.906,22.9],[88.907,22.907],[88.916,22.917],[88.917,22.921],[88.9,22.93],[88.9,22.952],[88.895,22.955],[88.878,22.953],[88.865,22.958],[88.865,22.963],[88.872,22.972],[88.871,22.992],[88.861,23],[88.85,23.005],[88.856,23.01],[88.873,23.004],[88.877,23.013],[88.875,23.021],[88.882,23.032],[88.882,23.042],[88.878,23.048],[88.876,23.063],[88.87,23.072],[88.87,23.081],[88.874,23.087],[88.873,23.099],[88.885,23.102],[88.889,23.108],[88.894,23.106],[88.901,23.109],[88.911,23.124],[88.925,23.13],[88.926,23.142],[88.934,23.141],[88.934,23.155],[88.941,23.172],[88.959,23.18],[88.965,23.192],[88.972,23.195],[88.986,23.185],[88.985,23.193],[88.993,23.201],[88.991,23.209],[88.997,23.212],[88.993,23.22],[88.983,23.225],[88.971,23.214],[88.955,23.205],[88.943,23.208],[88.934,23.214],[88.917,23.213],[88.923,23.223],[88.917,23.232],[88.905,23.23],[88.884,23.229],[88.87,23.232],[88.856,23.227],[88.838,23.24],[88.834,23.247],[88.824,23.249],[88.821,23.253],[88.812,23.252],[88.811,23.241],[88.814,23.23],[88.818,23.225],[88.817,23.219],[88.804,23.218],[88.789,23.22],[88.781,23.226],[88.78,23.235],[88.771,23.242],[88.761,23.237],[88.75,23.24],[88.735,23.25],[88.724,23.255],[88.723,23.264],[88.727,23.272],[88.719,23.276],[88.712,23.29],[88.7,23.295],[88.703,23.304],[88.713,23.311],[88.718,23.303],[88.729,23.303],[88.731,23.312],[88.747,23.309],[88.75,23.32],[88.74,23.331],[88.741,23.341],[88.738,23.351],[88.751,23.353],[88.753,23.36],[88.761,23.361],[88.766,23.37],[88.762,23.382],[88.757,23.39],[88.757,23.4],[88.762,23.404],[88.764,23.412],[88.761,23.421],[88.764,23.426],[88.768,23.444],[88.773,23.446],[88.784,23.439],[88.793,23.443],[88.792,23.467],[88.794,23.473],[88.804,23.483],[88.8,23.499],[88.783,23.5],[88.774,23.495],[88.774,23.482],[88.76,23.488],[88.758,23.48],[88.746,23.483],[88.743,23.493],[88.734,23.499],[88.731,23.511],[88.722,23.51],[88.712,23.516],[88.699,23.52],[88.696,23.528],[88.69,23.531],[88.688,23.541],[88.678,23.548],[88.665,23.552],[88.659,23.56],[88.652,23.586],[88.645,23.59],[88.643,23.599],[88.649,23.604],[88.647,23.611],[88.611,23.603],[88.603,23.606],[88.591,23.602],[88.586,23.609],[88.594,23.617],[88.597,23.628],[88.593,23.64],[88.582,23.638],[88.566,23.642],[88.565,23.648],[88.572,23.66],[88.573,23.668],[88.578,23.672],[88.568,23.717],[88.575,23.727],[88.579,23.738],[88.578,23.751],[88.582,23.759],[88.583,23.767],[88.577,23.775],[88.564,23.783],[88.567,23.789],[88.585,23.791],[88.586,23.798],[88.596,23.802],[88.591,23.814],[88.606,23.819],[88.603,23.824],[88.595,23.828],[88.592,23.836],[88.59,23.853],[88.579,23.856],[88.58,23.862],[88.589,23.87],[88.596,23.872],[88.604,23.867],[88.611,23.869],[88.615,23.875],[88.626,23.875],[88.63,23.865],[88.637,23.863],[88.649,23.87],[88.662,23.87],[88.669,23.874],[88.671,23.886],[88.689,23.891],[88.696,23.901],[88.708,23.901],[88.708,23.916],[88.725,23.917],[88.737,23.916],[88.737,23.931],[88.746,23.936],[88.744,23.955],[88.738,23.962],[88.739,23.979],[88.745,23.986],[88.759,23.988],[88.773,23.984],[88.775,23.989],[88.769,23.996],[88.766,24.007],[88.763,24.01],[88.749,24.005],[88.734,23.996],[88.733,24.007],[88.742,24.015],[88.743,24.036],[88.739,24.048],[88.727,24.054],[88.74,24.057],[88.735,24.064],[88.726,24.067],[88.729,24.097],[88.726,24.101],[88.714,24.1],[88.709,24.096],[88.702,24.099],[88.702,24.109],[88.699,24.115],[88.702,24.12],[88.714,24.12],[88.732,24.128],[88.738,24.135],[88.748,24.138],[88.747,24.153],[88.735,24.168],[88.734,24.172],[88.736,24.187],[88.736,24.224],[88.742,24.262],[88.741,24.269],[88.735,24.285],[88.727,24.298],[88.712,24.308],[88.704,24.311],[88.675,24.315],[88.66,24.313],[88.655,24.307],[88.641,24.306],[88.63,24.309],[88.629,24.315],[88.612,24.316],[88.606,24.309],[88.596,24.311],[88.588,24.316],[88.584,24.325],[88.573,24.323],[88.567,24.304],[88.561,24.298],[88.551,24.303],[88.543,24.325],[88.524,24.344],[88.508,24.345],[88.495,24.354],[88.477,24.36],[88.453,24.373],[88.437,24.379],[88.427,24.38],[88.404,24.376],[88.392,24.372],[88.376,24.37],[88.355,24.373],[88.343,24.378],[88.306,24.405],[88.287,24.424],[88.277,24.437],[88.27,24.442],[88.243,24.452],[88.215,24.454],[88.206,24.457],[88.195,24.465],[88.19,24.475],[88.178,24.491],[88.166,24.5],[88.147,24.507],[88.128,24.522],[88.103,24.547],[88.089,24.568],[88.082,24.58],[88.07,24.599],[88.068,24.605],[88.052,24.631],[88.035,24.647],[88.017,24.659],[88.014,24.67],[88.02,24.679],[88.032,24.69],[88.045,24.698],[88.048,24.705],[88.063,24.716],[88.068,24.722],[88.074,24.735],[88.071,24.745],[88.072,24.751],[88.071,24.769],[88.081,24.77],[88.097,24.779],[88.105,24.779],[88.109,24.783],[88.108,24.791],[88.117,24.813],[88.118,24.819],[88.129,24.822],[88.133,24.804],[88.14,24.802],[88.141,24.817],[88.135,24.83],[88.143,24.831],[88.144,24.839],[88.148,24.843],[88.146,24.851],[88.153,24.853],[88.162,24.85],[88.176,24.863],[88.165,24.867],[88.162,24.873],[88.167,24.881],[88.159,24.887],[88.161,24.892],[88.171,24.89],[88.169,24.898],[88.148,24.919],[88.143,24.931],[88.156,24.932],[88.167,24.941],[88.176,24.945],[88.188,24.947],[88.205,24.956],[88.221,24.958],[88.239,24.952],[88.252,24.936],[88.256,24.924],[88.265,24.914],[88.267,24.901],[88.266,24.878],[88.274,24.879],[88.276,24.891],[88.299,24.886],[88.306,24.879],[88.312,24.878],[88.325,24.881],[88.328,24.872],[88.336,24.872],[88.347,24.886],[88.346,24.901],[88.335,24.906],[88.332,24.916],[88.341,24.924],[88.347,24.94],[88.371,24.952],[88.374,24.948],[88.384,24.944],[88.398,24.944],[88.403,24.957],[88.401,24.965],[88.403,24.971],[88.412,24.975],[88.417,24.99],[88.414,24.996],[88.426,25.002],[88.429,25.012],[88.438,25.008],[88.443,25.011],[88.449,25.023],[88.452,25.035],[88.449,25.041],[88.439,25.048],[88.439,25.053],[88.452,25.07],[88.454,25.08],[88.45,25.086],[88.452,25.099],[88.446,25.11],[88.448,25.123],[88.46,25.132],[88.462,25.145],[88.457,25.159],[88.45,25.171],[88.448,25.183],[88.443,25.201],[88.443,25.208],[88.452,25.208],[88.456,25.199],[88.467,25.196],[88.476,25.202],[88.48,25.211],[88.487,25.214],[88.502,25.207],[88.512,25.199],[88.523,25.202],[88.541,25.187],[88.554,25.193],[88.564,25.188],[88.564,25.176],[88.568,25.175],[88.589,25.181],[88.593,25.193],[88.61,25.202],[88.625,25.206],[88.636,25.204],[88.649,25.206],[88.67,25.203],[88.687,25.21],[88.727,25.201],[88.735,25.196],[88.737,25.19],[88.748,25.187],[88.757,25.178],[88.761,25.184],[88.778,25.188],[88.781,25.178],[88.798,25.174],[88.809,25.174],[88.821,25.183],[88.825,25.19],[88.833,25.194],[88.835,25.208],[88.848,25.21],[88.853,25.202],[88.864,25.2],[88.865,25.191],[88.875,25.191],[88.882,25.176],[88.89,25.176],[88.895,25.183],[88.909,25.177],[88.92,25.166],[88.927,25.174],[88.934,25.178],[88.942,25.176],[88.95,25.181],[88.948,25.191],[88.939,25.198],[88.94,25.204],[88.957,25.206],[88.964,25.211],[88.956,25.246],[88.964,25.255],[88.974,25.257],[88.978,25.264],[88.988,25.27],[88.999,25.272],[89.009,25.265],[89.013,25.267],[89.008,25.286],[89.009,25.297],[89.005,25.3],[88.989,25.302],[88.984,25.306],[88.963,25.304],[88.937,25.307],[88.929,25.315],[88.917,25.315],[88.912,25.322],[88.908,25.333],[88.902,25.338],[88.893,25.334],[88.889,25.327],[88.883,25.329],[88.88,25.335],[88.873,25.339],[88.869,25.352],[88.859,25.354],[88.857,25.359],[88.847,25.366],[88.841,25.388],[88.846,25.394],[88.84,25.398],[88.824,25.403],[88.819,25.407],[88.823,25.412],[88.832,25.413],[88.833,25.426],[88.837,25.428],[88.83,25.443],[88.837,25.448],[88.838,25.465],[88.836,25.481],[88.815,25.491],[88.806,25.517],[88.802,25.522],[88.785,25.514],[88.769,25.522],[88.762,25.517],[88.769,25.503],[88.769,25.497],[88.749,25.489],[88.743,25.49],[88.742,25.501],[88.735,25.498],[88.711,25.496],[88.712,25.488],[88.707,25.477],[88.701,25.473],[88.689,25.476],[88.669,25.475],[88.66,25.481],[88.648,25.483],[88.641,25.498],[88.624,25.499],[88.613,25.507],[88.607,25.515],[88.602,25.513],[88.594,25.507],[88.575,25.509],[88.554,25.516],[88.543,25.51],[88.543,25.525],[88.535,25.538],[88.524,25.537],[88.52,25.545],[88.506,25.55],[88.498,25.559],[88.498,25.58],[88.494,25.584],[88.479,25.584],[88.471,25.586],[88.45,25.602],[88.456,25.611],[88.455,25.62],[88.458,25.625],[88.46,25.64],[88.456,25.663],[88.435,25.668],[88.421,25.663],[88.412,25.668],[88.408,25.68],[88.391,25.688],[88.39,25.696],[88.375,25.7],[88.378,25.707],[88.376,25.714],[88.363,25.719],[88.333,25.74],[88.321,25.736],[88.317,25.751],[88.301,25.759],[88.294,25.764],[88.289,25.773],[88.282,25.773],[88.272,25.779],[88.278,25.789],[88.277,25.799],[88.271,25.808],[88.262,25.809],[88.246,25.806],[88.237,25.803],[88.231,25.796],[88.221,25.797],[88.212,25.794],[88.212,25.786],[88.198,25.791],[88.194,25.795],[88.185,25.794],[88.173,25.784],[88.158,25.783],[88.15,25.773],[88.145,25.774],[88.144,25.791],[88.132,25.796],[88.116,25.796],[88.113,25.802],[88.116,25.809],[88.108,25.812],[88.109,25.819],[88.105,25.825],[88.108,25.833],[88.106,25.845],[88.113,25.847],[88.119,25.855],[88.111,25.866],[88.099,25.872],[88.103,25.884],[88.094,25.894],[88.097,25.902],[88.095,25.915],[88.1,25.926],[88.117,25.933],[88.117,25.938],[88.126,25.943],[88.125,25.951],[88.127,25.958],[88.125,25.968],[88.136,25.977],[88.137,25.985],[88.149,25.997],[88.146,26.014],[88.155,26.015],[88.165,26.02],[88.18,26.022],[88.182,26.028],[88.174,26.034],[88.174,26.052],[88.186,26.063],[88.184,26.071],[88.177,26.076],[88.163,26.079],[88.163,26.105],[88.176,26.118],[88.177,26.133],[88.183,26.147],[88.203,26.163],[88.211,26.162],[88.218,26.173],[88.238,26.18],[88.24,26.185],[88.253,26.193],[88.262,26.194],[88.274,26.192],[88.283,26.194],[88.291,26.201],[88.299,26.204],[88.306,26.202],[88.311,26.207],[88.33,26.205],[88.34,26.216],[88.354,26.222],[88.359,26.235],[88.359,26.242],[88.354,26.249],[88.351,26.264],[88.354,26.276],[88.364,26.293],[88.379,26.306],[88.394,26.31],[88.398,26.318],[88.422,26.317],[88.423,26.323],[88.417,26.326],[88.418,26.333],[88.43,26.333],[88.442,26.338],[88.453,26.36],[88.464,26.373],[88.469,26.36],[88.478,26.355],[88.494,26.35],[88.495,26.357],[88.513,26.361],[88.512,26.347],[88.527,26.356],[88.523,26.363],[88.533,26.373],[88.516,26.373],[88.523,26.383],[88.512,26.393],[88.51,26.404],[88.5,26.407],[88.503,26.416],[88.495,26.425],[88.494,26.444],[88.484,26.447],[88.487,26.46],[88.48,26.464],[88.464,26.466],[88.448,26.462],[88.441,26.465],[88.436,26.473],[88.425,26.465],[88.419,26.466],[88.409,26.482],[88.398,26.476],[88.39,26.477],[88.378,26.484],[88.368,26.485],[88.364,26.48],[88.368,26.465],[88.364,26.451],[88.357,26.449],[88.355,26.462],[88.346,26.468],[88.34,26.478],[88.34,26.487],[88.346,26.499],[88.359,26.51],[88.362,26.525],[88.368,26.537],[88.368,26.546],[88.373,26.563],[88.378,26.569],[88.377,26.578],[88.381,26.582],[88.386,26.597],[88.405,26.602],[88.394,26.608],[88.395,26.616],[88.402,26.624],[88.413,26.629],[88.422,26.627],[88.424,26.622],[88.429,26.567],[88.436,26.549],[88.448,26.544],[88.454,26.538],[88.464,26.54],[88.47,26.549],[88.474,26.543],[88.484,26.542],[88.495,26.527],[88.496,26.518],[88.504,26.512],[88.514,26.514],[88.526,26.5],[88.533,26.486],[88.539,26.483],[88.553,26.483],[88.561,26.474],[88.566,26.464],[88.573,26.458],[88.591,26.453],[88.601,26.454],[88.602,26.469],[88.617,26.474],[88.626,26.47],[88.633,26.455],[88.633,26.435],[88.652,26.426],[88.657,26.416],[88.667,26.417],[88.672,26.412],[88.687,26.409],[88.692,26.401],[88.684,26.394],[88.696,26.389],[88.702,26.39],[88.703,26.381],[88.694,26.376],[88.696,26.365],[88.702,26.36],[88.7,26.353],[88.703,26.349],[88.706,26.337],[88.712,26.334],[88.72,26.341],[88.733,26.344],[88.738,26.351],[88.744,26.355],[88.749,26.348],[88.749,26.341],[88.742,26.33],[88.749,26.324],[88.737,26.32],[88.726,26.312],[88.72,26.317],[88.712,26.313],[88.696,26.316],[88.696,26.328],[88.69,26.327],[88.68,26.32],[88.688,26.31],[88.689,26.303],[88.695,26.297],[88.682,26.296],[88.674,26.292],[88.67,26.285],[88.676,26.265],[88.688,26.262],[88.697,26.268],[88.695,26.274],[88.7,26.279],[88.721,26.281],[88.728,26.29],[88.735,26.292],[88.744,26.29],[88.751,26.298],[88.754,26.308],[88.76,26.311],[88.768,26.303],[88.78,26.299],[88.792,26.306],[88.801,26.309],[88.815,26.303],[88.823,26.296],[88.821,26.281],[88.823,26.263],[88.821,26.26],[88.826,26.252],[88.84,26.25],[88.836,26.242],[88.842,26.236],[88.852,26.233],[88.867,26.236],[88.885,26.237],[88.867,26.256],[88.871,26.276],[88.879,26.286],[88.897,26.286],[88.907,26.288],[88.925,26.286],[88.934,26.278],[88.956,26.251],[88.972,26.241],[88.988,26.243],[89.003,26.247],[89.021,26.244],[89.037,26.247],[89.046,26.242],[89.052,26.243],[89.056,26.256],[89.064,26.255],[89.063,26.273],[89.059,26.279],[89.063,26.289],[89.057,26.296],[89.051,26.293],[89.053,26.283],[89.044,26.282],[89.04,26.286],[89.03,26.287],[89.027,26.291],[89.018,26.292],[89.011,26.301],[89.004,26.295],[88.99,26.306],[88.99,26.318],[89,26.315],[89.003,26.33],[88.992,26.336],[88.991,26.346],[88.982,26.352],[88.978,26.347],[88.969,26.348],[88.966,26.334],[88.959,26.333],[88.961,26.346],[88.954,26.347],[88.956,26.355],[88.953,26.361],[88.943,26.361],[88.931,26.365],[88.921,26.363],[88.917,26.383],[88.92,26.39],[88.917,26.406],[88.93,26.409],[88.933,26.413],[88.933,26.432],[88.95,26.432],[88.954,26.44],[88.953,26.447],[88.964,26.451],[88.968,26.459],[88.985,26.449],[88.988,26.444],[88.985,26.43],[88.986,26.42],[88.981,26.407],[88.996,26.408],[89,26.418],[89.009,26.42],[89.013,26.411],[89.036,26.406],[89.037,26.396],[89.047,26.398],[89.066,26.396],[89.073,26.394],[89.08,26.398],[89.091,26.4],[89.098,26.394],[89.092,26.38],[89.094,26.362],[89.099,26.356],[89.102,26.341],[89.1,26.332],[89.091,26.326],[89.1,26.323],[89.118,26.324],[89.121,26.32],[89.137,26.317],[89.131,26.299],[89.121,26.293],[89.118,26.303],[89.112,26.308],[89.107,26.289],[89.116,26.279],[89.126,26.264],[89.13,26.249],[89.14,26.242],[89.144,26.228],[89.148,26.222],[89.151,26.207],[89.141,26.193],[89.141,26.185],[89.147,26.176],[89.154,26.17],[89.154,26.154],[89.161,26.14],[89.177,26.131],[89.217,26.126],[89.224,26.126],[89.243,26.11],[89.25,26.102],[89.26,26.095],[89.268,26.093],[89.26,26.075],[89.263,26.066],[89.27,26.062],[89.281,26.065],[89.282,26.053],[89.287,26.05],[89.302,26.05],[89.313,26.042],[89.326,26.039],[89.338,26.023],[89.345,26.017],[89.358,26.011],[89.372,26.01],[89.382,26.011],[89.395,26.01],[89.396,26.023],[89.403,26.028],[89.405,26.036],[89.41,26.041],[89.426,26.043],[89.43,26.04],[89.436,26.022],[89.432,26.015],[89.446,26.01],[89.458,26.003],[89.477,25.996],[89.485,25.998],[89.504,26.005],[89.509,26.003],[89.523,26.006],[89.533,26.004],[89.542,26.008],[89.55,25.999],[89.545,25.985],[89.548,25.971],[89.554,25.967],[89.562,25.966],[89.568,25.973],[89.576,25.968],[89.581,25.968],[89.582,25.976],[89.591,25.98],[89.59,25.998],[89.586,26.003],[89.586,26.016],[89.583,26.026],[89.59,26.034],[89.593,26.044],[89.615,26.049],[89.613,26.056],[89.607,26.061],[89.62,26.063],[89.626,26.056],[89.632,26.062],[89.648,26.063],[89.653,26.068],[89.639,26.08],[89.639,26.095],[89.636,26.105],[89.62,26.102],[89.615,26.095],[89.598,26.101],[89.604,26.111],[89.628,26.114],[89.617,26.123],[89.608,26.121],[89.605,26.139],[89.599,26.162],[89.606,26.164],[89.612,26.16],[89.619,26.166],[89.619,26.18],[89.625,26.182],[89.632,26.178],[89.641,26.18],[89.644,26.173],[89.654,26.168],[89.66,26.177],[89.66,26.183],[89.636,26.189],[89.637,26.197],[89.646,26.193],[89.652,26.196],[89.641,26.216],[89.643,26.225],[89.649,26.229],[89.658,26.223],[89.664,26.222],[89.683,26.23],[89.688,26.226],[89.688,26.216],[89.694,26.212],[89.679,26.208],[89.677,26.202],[89.689,26.193],[89.692,26.184],[89.7,26.173],[89.69,26.172],[89.689,26.168],[89.705,26.161],[89.711,26.153],[89.716,26.157],[89.733,26.156],[89.739,26.158],[89.753,26.153],[89.757,26.144],[89.77,26.132],[89.771,26.128],[89.765,26.113],[89.771,26.107],[89.787,26.106],[89.786,26.086],[89.796,26.08],[89.801,26.073],[89.801,26.059],[89.788,26.053],[89.793,26.045],[89.787,26.039],[89.805,26.036],[89.793,26.022],[89.799,26.018],[89.813,26.038],[89.817,26.034],[89.821,26.024],[89.819,25.989],[89.828,25.984],[89.835,25.986],[89.834,26],[89.835,26.007],[89.843,26.005],[89.85,25.995],[89.855,25.992],[89.872,25.976],[89.868,25.97],[89.859,25.969],[89.845,25.972],[89.841,25.968],[89.847,25.962],[89.831,25.947],[89.845,25.941],[89.858,25.941],[89.879,25.944],[89.888,25.938],[89.874,25.913],[89.851,25.89],[89.84,25.878],[89.836,25.868],[89.835,25.852],[89.835,25.838],[89.819,25.817],[89.827,25.812],[89.831,25.805],[89.838,25.774],[89.843,25.761],[89.841,25.755],[89.828,25.742],[89.83,25.729],[89.836,25.718],[89.84,25.715],[89.856,25.715],[89.856,25.706],[89.848,25.69],[89.866,25.664],[89.872,25.654],[89.881,25.631],[89.883,25.615],[89.879,25.598],[89.874,25.588],[89.879,25.576],[89.875,25.557],[89.87,25.548],[89.858,25.541],[89.856,25.538],[89.863,25.523],[89.857,25.499],[89.854,25.482],[89.857,25.468],[89.856,25.463],[89.845,25.449],[89.837,25.434],[89.832,25.42],[89.829,25.403],[89.822,25.396],[89.819,25.388],[89.817,25.369],[89.823,25.347],[89.832,25.33],[89.838,25.326],[89.843,25.318],[89.838,25.295],[89.854,25.292],[89.872,25.287],[89.877,25.287],[89.894,25.295],[89.903,25.305],[89.911,25.307],[89.932,25.299],[89.965,25.299],[89.975,25.3],[89.979,25.298],[89.984,25.285],[90.012,25.271],[90.035,25.264],[90.046,25.261],[90.063,25.255],[90.075,25.243],[90.085,25.239],[90.097,25.237],[90.104,25.234],[90.115,25.224],[90.127,25.223],[90.142,25.224],[90.162,25.223],[90.191,25.216],[90.205,25.21],[90.217,25.203],[90.236,25.203],[90.263,25.195],[90.278,25.197],[90.294,25.189],[90.312,25.187],[90.335,25.191],[90.355,25.174],[90.38,25.161],[90.412,25.156],[90.419,25.151],[90.433,25.146],[90.447,25.143],[90.456,25.15],[90.47,25.152],[90.513,25.168],[90.549,25.17],[90.561,25.17],[90.6,25.173],[90.623,25.172],[90.639,25.173],[90.654,25.185],[90.658,25.193],[90.668,25.184],[90.671,25.172],[90.678,25.167],[90.683,25.169],[90.696,25.159],[90.704,25.159],[90.718,25.164],[90.724,25.164],[90.735,25.154],[90.743,25.157],[90.744,25.165],[90.763,25.165],[90.77,25.17],[90.778,25.182],[90.793,25.182],[90.812,25.167],[90.822,25.163],[90.858,25.159],[90.872,25.159],[90.895,25.166],[90.911,25.161],[90.938,25.167],[90.958,25.17],[91.012,25.18],[91.039,25.188],[91.067,25.192],[91.084,25.201],[91.097,25.2],[91.11,25.196],[91.138,25.192],[91.162,25.197],[91.17,25.195],[91.184,25.195],[91.196,25.199],[91.216,25.2],[91.233,25.197],[91.255,25.197],[91.268,25.206],[91.277,25.204],[91.293,25.193],[91.294,25.186],[91.31,25.183],[91.324,25.184],[91.331,25.177],[91.348,25.172],[91.359,25.177],[91.371,25.173],[91.379,25.167],[91.391,25.17],[91.407,25.166],[91.417,25.172],[91.422,25.169],[91.435,25.155],[91.449,25.149],[91.466,25.151],[91.47,25.149],[91.474,25.136],[91.496,25.134],[91.503,25.137],[91.511,25.145],[91.531,25.144],[91.557,25.151],[91.564,25.157],[91.577,25.163],[91.583,25.17],[91.606,25.173],[91.604,25.16],[91.608,25.143],[91.622,25.146],[91.627,25.143],[91.631,25.13],[91.645,25.124],[91.654,25.13],[91.664,25.129],[91.675,25.137],[91.692,25.138],[91.697,25.14],[91.706,25.15],[91.708,25.156],[91.714,25.158],[91.73,25.152],[91.747,25.148],[91.751,25.153],[91.747,25.167],[91.75,25.171],[91.769,25.167],[91.809,25.169],[91.825,25.174],[91.833,25.173],[91.844,25.178],[91.862,25.174],[91.879,25.176],[91.895,25.18],[91.916,25.182],[91.95,25.183],[91.967,25.179],[91.978,25.172],[91.986,25.171],[91.994,25.18],[92.005,25.187],[92.014,25.189],[92.029,25.183],[92.038,25.185],[92.05,25.182],[92.065,25.187],[92.078,25.186],[92.097,25.177],[92.125,25.165],[92.138,25.156],[92.139,25.143],[92.153,25.137],[92.179,25.123],[92.193,25.122],[92.187,25.133],[92.195,25.134],[92.203,25.125],[92.222,25.121],[92.212,25.111],[92.232,25.097],[92.277,25.081],[92.3,25.071],[92.312,25.071],[92.327,25.08],[92.336,25.082],[92.344,25.077],[92.347,25.066],[92.346,25.055],[92.352,25.048],[92.368,25.049],[92.373,25.045],[92.387,25.043],[92.405,25.033],[92.418,25.034],[92.425,25.03],[92.427,25.018],[92.42,24.992],[92.42,24.98],[92.423,24.974],[92.438,24.968],[92.449,24.969],[92.46,24.967],[92.466,24.963],[92.461,24.955],[92.452,24.953],[92.455,24.942],[92.46,24.941],[92.478,24.943],[92.489,24.942],[92.49,24.937],[92.484,24.931],[92.49,24.921],[92.496,24.906],[92.495,24.885],[92.499,24.874],[92.498,24.868],[92.487,24.867],[92.464,24.875],[92.451,24.874],[92.443,24.869],[92.438,24.86],[92.424,24.858],[92.417,24.864],[92.411,24.863],[92.403,24.855],[92.396,24.855],[92.385,24.862],[92.382,24.87],[92.366,24.877],[92.357,24.886],[92.351,24.888],[92.343,24.883],[92.332,24.893],[92.315,24.901],[92.313,24.91],[92.308,24.916],[92.299,24.916],[92.286,24.908],[92.27,24.91],[92.25,24.908],[92.243,24.9],[92.252,24.892],[92.253,24.881],[92.246,24.873],[92.236,24.866],[92.237,24.861],[92.249,24.849],[92.247,24.833],[92.253,24.829],[92.264,24.831],[92.272,24.829],[92.275,24.801],[92.283,24.791],[92.283,24.787],[92.27,24.781],[92.266,24.774],[92.264,24.764],[92.271,24.748],[92.268,24.733],[92.266,24.712],[92.257,24.701],[92.244,24.703],[92.234,24.697],[92.226,24.68],[92.225,24.673],[92.229,24.663],[92.24,24.648],[92.24,24.637],[92.232,24.618],[92.223,24.609],[92.224,24.599],[92.229,24.594],[92.233,24.581],[92.234,24.552],[92.232,24.537],[92.234,24.527],[92.233,24.502],[92.228,24.499],[92.221,24.501],[92.196,24.517],[92.181,24.525],[92.17,24.527],[92.159,24.525],[92.155,24.513],[92.154,24.503],[92.157,24.485],[92.166,24.44],[92.172,24.426],[92.172,24.422],[92.148,24.426],[92.139,24.422],[92.126,24.396],[92.127,24.388],[92.124,24.382],[92.11,24.38],[92.095,24.374],[92.058,24.375],[92.037,24.377],[92.029,24.384],[92.021,24.386],[92.01,24.385],[92.006,24.393],[91.995,24.39],[91.987,24.382],[91.98,24.386],[91.975,24.383],[91.992,24.351],[92.005,24.338],[91.999,24.328],[91.992,24.328],[91.976,24.339],[91.97,24.352],[91.962,24.358],[91.95,24.349],[91.937,24.341],[91.928,24.339],[91.926,24.334],[91.927,24.322],[91.933,24.311],[91.945,24.275],[91.944,24.258],[91.932,24.228],[91.93,24.209],[91.921,24.183],[91.915,24.148],[91.913,24.14],[91.907,24.137],[91.896,24.136],[91.89,24.141],[91.883,24.159],[91.872,24.174],[91.856,24.191],[91.849,24.206],[91.855,24.215],[91.855,24.22],[91.848,24.225],[91.831,24.213],[91.822,24.214],[91.815,24.223],[91.798,24.222],[91.786,24.227],[91.765,24.24],[91.75,24.245],[91.753,24.223],[91.757,24.214],[91.757,24.2],[91.761,24.183],[91.762,24.168],[91.768,24.149],[91.761,24.141],[91.75,24.142],[91.716,24.155],[91.71,24.162],[91.702,24.16],[91.695,24.167],[91.686,24.187],[91.68,24.205],[91.673,24.21],[91.672,24.218],[91.676,24.232],[91.667,24.231],[91.654,24.219],[91.657,24.206],[91.663,24.193],[91.663,24.186],[91.652,24.179],[91.648,24.169],[91.647,24.154],[91.641,24.145],[91.641,24.131],[91.645,24.12],[91.642,24.109],[91.63,24.097],[91.616,24.095],[91.603,24.095],[91.606,24.081],[91.591,24.074],[91.579,24.08],[91.57,24.076],[91.553,24.076],[91.537,24.08],[91.502,24.086],[91.497,24.096],[91.481,24.098],[91.47,24.097],[91.45,24.103],[91.439,24.103],[91.428,24.109],[91.398,24.107],[91.388,24.109],[91.382,24.105],[91.382,24.084],[91.386,24.069],[91.404,24.054],[91.402,24.045],[91.396,24.032],[91.396,24.023],[91.387,24.013],[91.379,23.998],[91.385,23.976],[91.368,23.98],[91.363,23.985],[91.35,23.981],[91.341,23.982],[91.334,23.991],[91.307,23.99],[91.305,23.978],[91.297,23.97],[91.291,23.97],[91.29,23.98],[91.285,23.98],[91.265,23.947],[91.276,23.933],[91.277,23.928],[91.269,23.925],[91.242,23.928],[91.247,23.913],[91.237,23.904],[91.233,23.886],[91.24,23.877],[91.243,23.864],[91.253,23.843],[91.254,23.838],[91.246,23.822],[91.235,23.808],[91.235,23.801],[91.228,23.787],[91.231,23.771],[91.228,23.745],[91.223,23.741],[91.214,23.75],[91.2,23.754],[91.176,23.747],[91.164,23.746],[91.155,23.729],[91.153,23.712],[91.157,23.702],[91.158,23.689],[91.165,23.688],[91.205,23.69],[91.208,23.682],[91.207,23.65],[91.197,23.647],[91.196,23.653],[91.183,23.656],[91.172,23.662],[91.162,23.663],[91.164,23.644],[91.161,23.627],[91.163,23.618],[91.163,23.601],[91.167,23.598],[91.179,23.596],[91.178,23.587],[91.182,23.584],[91.198,23.562],[91.2,23.552],[91.215,23.547],[91.208,23.532],[91.206,23.52],[91.208,23.514],[91.22,23.511],[91.225,23.499],[91.238,23.499],[91.243,23.49],[91.25,23.49],[91.252,23.47],[91.259,23.448],[91.272,23.433],[91.271,23.424],[91.278,23.418],[91.283,23.406],[91.281,23.397],[91.286,23.377],[91.297,23.38],[91.297,23.373],[91.292,23.37],[91.3,23.35],[91.304,23.35],[91.311,23.358],[91.314,23.349],[91.304,23.345],[91.3,23.34],[91.295,23.32],[91.302,23.316],[91.312,23.316],[91.318,23.309],[91.304,23.298],[91.305,23.287],[91.318,23.283],[91.315,23.273],[91.32,23.257],[91.329,23.253],[91.323,23.246],[91.327,23.238],[91.328,23.216],[91.327,23.205],[91.328,23.164],[91.335,23.156],[91.345,23.123],[91.356,23.096],[91.371,23.075],[91.393,23.062],[91.414,23.064],[91.422,23.071],[91.419,23.078],[91.409,23.094],[91.406,23.103],[91.408,23.111],[91.402,23.118],[91.399,23.139],[91.396,23.151],[91.389,23.161],[91.389,23.17],[91.385,23.183],[91.384,23.195],[91.392,23.203],[91.389,23.209],[91.392,23.225],[91.403,23.23],[91.401,23.245],[91.409,23.253],[91.403,23.257],[91.406,23.265],[91.417,23.261],[91.412,23.282],[91.416,23.282],[91.425,23.261],[91.449,23.263],[91.457,23.258],[91.455,23.247],[91.463,23.246],[91.471,23.233],[91.466,23.226],[91.458,23.22],[91.464,23.216],[91.483,23.219],[91.488,23.205],[91.476,23.198],[91.483,23.191],[91.504,23.19],[91.508,23.186],[91.497,23.18],[91.499,23.171],[91.494,23.156],[91.506,23.151],[91.505,23.148],[91.518,23.144],[91.507,23.132],[91.508,23.127],[91.517,23.123],[91.52,23.118],[91.518,23.107],[91.524,23.103],[91.527,23.092],[91.534,23.09],[91.529,23.082],[91.536,23.069],[91.53,23.062],[91.539,23.057],[91.537,23.04],[91.548,23.041],[91.55,23.033],[91.544,23.024],[91.55,23.017],[91.546,22.998],[91.549,22.995],[91.559,23.002],[91.561,22.998],[91.558,22.982],[91.579,22.97],[91.587,22.975],[91.595,22.977],[91.609,22.967],[91.607,22.958],[91.622,22.944],[91.639,22.969],[91.66,22.98],[91.671,22.979],[91.692,22.985],[91.697,22.99],[91.704,22.991],[91.716,22.988],[91.727,22.994],[91.731,23.001],[91.748,23.013],[91.768,23.036],[91.774,23.041],[91.781,23.033],[91.786,23.043],[91.777,23.064],[91.779,23.07],[91.788,23.074],[91.796,23.069],[91.811,23.069],[91.82,23.078],[91.816,23.082],[91.827,23.087],[91.835,23.096],[91.834,23.1],[91.821,23.099],[91.819,23.113],[91.815,23.119],[91.811,23.135],[91.811,23.156],[91.805,23.18],[91.798,23.195],[91.793,23.201],[91.791,23.213],[91.792,23.231],[91.785,23.24],[91.779,23.251],[91.778,23.276],[91.788,23.3],[91.789,23.307],[91.802,23.318],[91.808,23.327],[91.807,23.332],[91.816,23.344],[91.825,23.348],[91.831,23.36],[91.841,23.373],[91.84,23.393],[91.848,23.402],[91.857,23.407],[91.867,23.408],[91.877,23.416],[91.893,23.434],[91.912,23.439],[91.937,23.435],[91.946,23.439],[91.946,23.454],[91.943,23.461],[91.947,23.471],[91.954,23.474],[91.975,23.479],[91.979,23.482],[91.975,23.501],[91.971,23.512],[91.962,23.519],[91.962,23.527],[91.967,23.538],[91.962,23.561],[91.957,23.571],[91.955,23.586],[91.96,23.605],[91.958,23.611],[91.948,23.627],[91.947,23.635],[91.949,23.646],[91.94,23.664],[91.942,23.671],[91.939,23.681],[91.945,23.691],[91.962,23.698],[91.953,23.713],[91.956,23.728],[91.962,23.733],[91.976,23.735],[91.984,23.731],[91.992,23.706],[92,23.685],[92.012,23.663],[92.026,23.655],[92.042,23.648],[92.052,23.646],[92.07,23.647],[92.081,23.649],[92.085,23.66],[92.085,23.667],[92.09,23.676],[92.107,23.676],[92.115,23.688],[92.126,23.695],[92.13,23.703],[92.137,23.707],[92.146,23.728],[92.155,23.734],[92.177,23.738],[92.176,23.728],[92.178,23.713],[92.181,23.708],[92.193,23.709],[92.208,23.705],[92.217,23.691],[92.217,23.678],[92.212,23.661],[92.215,23.654],[92.224,23.653],[92.233,23.66],[92.238,23.67],[92.238,23.684],[92.24,23.69],[92.247,23.696],[92.244,23.71],[92.254,23.722],[92.268,23.724],[92.282,23.715],[92.288,23.705],[92.292,23.702],[92.296,23.687],[92.293,23.671],[92.279,23.643],[92.285,23.634],[92.284,23.626],[92.299,23.626],[92.302,23.62],[92.295,23.615],[92.295,23.597],[92.31,23.59],[92.315,23.554],[92.313,23.534],[92.324,23.527],[92.321,23.518],[92.325,23.504],[92.326,23.485],[92.329,23.476],[92.324,23.468],[92.335,23.464],[92.332,23.453],[92.333,23.43],[92.348,23.435],[92.351,23.42],[92.361,23.41],[92.357,23.401],[92.362,23.396],[92.36,23.386],[92.368,23.38],[92.365,23.375],[92.379,23.372],[92.385,23.36],[92.387,23.351],[92.385,23.341],[92.373,23.329],[92.377,23.321],[92.383,23.321],[92.392,23.307],[92.388,23.294],[92.4,23.272],[92.393,23.264],[92.398,23.256],[92.406,23.238],[92.394,23.24],[92.388,23.238],[92.362,23.238],[92.357,23.234],[92.362,23.206],[92.359,23.195],[92.364,23.187],[92.364,23.17],[92.368,23.149],[92.363,23.138],[92.374,23.126],[92.368,23.115],[92.367,23.105],[92.374,23.099],[92.377,23.087],[92.386,23.088],[92.389,23.071],[92.397,23.055],[92.397,23.051],[92.387,23.036],[92.391,23.03],[92.385,23.022],[92.386,23.013],[92.391,23.005],[92.384,22.978],[92.374,22.971],[92.378,22.963],[92.375,22.945],[92.375,22.934],[92.384,22.929],[92.397,22.93],[92.404,22.913],[92.416,22.918],[92.422,22.911],[92.437,22.888],[92.443,22.893],[92.449,22.893],[92.451,22.882],[92.459,22.873],[92.46,22.855],[92.465,22.847],[92.459,22.841],[92.463,22.831],[92.456,22.828],[92.456,22.817],[92.465,22.809],[92.476,22.78],[92.481,22.751],[92.486,22.746],[92.497,22.745],[92.51,22.735],[92.521,22.701],[92.522,22.685],[92.526,22.662],[92.527,22.642],[92.535,22.63],[92.527,22.622],[92.535,22.61],[92.538,22.596],[92.539,22.577],[92.53,22.572],[92.53,22.563],[92.539,22.552],[92.543,22.542],[92.547,22.524],[92.55,22.491],[92.55,22.469],[92.556,22.445],[92.557,22.416],[92.561,22.401],[92.565,22.388],[92.565,22.378],[92.569,22.366],[92.574,22.355],[92.583,22.313],[92.583,22.297],[92.58,22.279],[92.586,22.271],[92.593,22.255],[92.595,22.235],[92.593,22.224],[92.595,22.213],[92.602,22.2],[92.6,22.181],[92.608,22.177],[92.614,22.169],[92.614,22.155],[92.609,22.127],[92.597,22.127],[92.592,22.14],[92.584,22.144],[92.57,22.138],[92.565,22.128],[92.574,22.12],[92.584,22.099],[92.595,22.079],[92.596,22.066],[92.601,22.062],[92.603,22.052],[92.599,22.038],[92.605,22.026],[92.6,22.011],[92.61,22.002],[92.616,21.988],[92.609,21.984],[92.61,21.979],[92.628,21.984],[92.639,21.991],[92.642,21.997],[92.661,22.014],[92.679,22.013],[92.685,22.022],[92.688,22.039],[92.684,22.048],[92.685,22.062],[92.682,22.104],[92.687,22.105],[92.691,22.076],[92.695,22.085],[92.695,22.098],[92.698,22.137],[92.697,22.147],[92.706,22.152],[92.73,22.148],[92.736,22.137],[92.763,22.125],[92.768,22.121],[92.767,22.114],[92.775,22.108],[92.786,22.107],[92.815,22.094],[92.823,22.078],[92.834,22.074],[92.847,22.06],[92.861,22.066],[92.868,22.059],[92.87,22.035],[92.872,22.028],[92.887,22.016],[92.892,22.01],[92.902,21.979],[92.903,21.952],[92.908,21.944],[92.914,21.947],[92.913,21.963],[92.925,21.994],[92.936,22.006],[92.932,22.018],[92.939,22.016],[92.953,22.028],[92.964,22.025],[92.964,22.018],[92.97,22.008],[92.977,22.004],[92.983,21.988],[92.99,21.979],[92.996,21.976],[93.007,21.982],[93.008,22.009],[93.006,22.018],[92.999,22.03],[92.997,22.037],[92.998,22.053],[93.012,22.083],[93.011,22.096],[93.013,22.103],[93.037,22.102],[93.049,22.097],[93.063,22.099],[93.064,22.111],[93.057,22.125],[93.044,22.136],[93.052,22.163],[93.051,22.173],[93.044,22.187],[93.044,22.195],[93.051,22.201],[93.069,22.206],[93.079,22.206],[93.086,22.2],[93.1,22.196],[93.109,22.198],[93.117,22.196],[93.12,22.186],[93.128,22.176],[93.136,22.174],[93.152,22.175],[93.16,22.179],[93.167,22.197],[93.156,22.207],[93.154,22.215],[93.154,22.226],[93.144,22.238],[93.149,22.245],[93.158,22.244],[93.168,22.247],[93.188,22.247],[93.194,22.253],[93.206,22.258],[93.205,22.267],[93.199,22.278],[93.198,22.31],[93.194,22.322],[93.204,22.326],[93.197,22.334],[93.194,22.356],[93.19,22.368],[93.194,22.381],[93.19,22.388],[93.193,22.4],[93.186,22.41],[93.188,22.424],[93.18,22.436],[93.173,22.448],[93.16,22.451],[93.154,22.449],[93.143,22.455],[93.132,22.472],[93.136,22.484],[93.133,22.496],[93.128,22.503],[93.131,22.517],[93.128,22.523],[93.109,22.529],[93.113,22.538],[93.113,22.552],[93.119,22.557],[93.127,22.571],[93.133,22.578],[93.143,22.583],[93.14,22.605],[93.134,22.62],[93.122,22.627],[93.112,22.636],[93.116,22.648],[93.108,22.656],[93.101,22.671],[93.104,22.683],[93.102,22.693],[93.096,22.698],[93.093,22.708],[93.097,22.711],[93.1,22.724],[93.11,22.741],[93.106,22.767],[93.097,22.807],[93.114,22.813],[93.109,22.825],[93.118,22.834],[93.119,22.86],[93.128,22.866],[93.136,22.89],[93.137,22.897],[93.133,22.904],[93.136,22.91],[93.16,22.91],[93.164,22.919],[93.151,22.927],[93.149,22.947],[93.14,22.961],[93.144,22.968],[93.145,22.977],[93.14,22.991],[93.131,22.993],[93.127,22.998],[93.134,23.01],[93.129,23.023],[93.134,23.032],[93.131,23.044],[93.14,23.057],[93.153,23.055],[93.166,23.046],[93.181,23.055],[93.192,23.057],[93.204,23.053],[93.218,23.042],[93.232,23.018],[93.239,23.011],[93.251,23.003],[93.266,23.009],[93.276,23.002],[93.286,23.001],[93.3,23.005],[93.313,23.018],[93.319,23.018],[93.33,23.032],[93.343,23.061],[93.351,23.061],[93.356,23.074],[93.35,23.081],[93.36,23.092],[93.363,23.113],[93.38,23.124],[93.391,23.135],[93.388,23.144],[93.377,23.14],[93.372,23.146],[93.378,23.163],[93.383,23.184],[93.385,23.207],[93.392,23.216],[93.392,23.22],[93.381,23.241],[93.376,23.252],[93.373,23.271],[93.373,23.279],[93.379,23.29],[93.375,23.303],[93.374,23.316],[93.377,23.329],[93.376,23.334],[93.364,23.351],[93.374,23.359],[93.396,23.36],[93.394,23.37],[93.402,23.38],[93.412,23.384],[93.403,23.394],[93.396,23.407],[93.395,23.429],[93.399,23.453],[93.405,23.471],[93.402,23.481],[93.406,23.492],[93.405,23.504],[93.423,23.527],[93.426,23.534],[93.425,23.549],[93.422,23.558],[93.425,23.568],[93.431,23.578],[93.431,23.615],[93.426,23.649],[93.434,23.668],[93.443,23.678],[93.434,23.692],[93.421,23.7],[93.415,23.708],[93.414,23.723],[93.416,23.728],[93.412,23.739],[93.405,23.752],[93.403,23.771],[93.408,23.795],[93.409,23.804],[93.405,23.813],[93.397,23.82],[93.398,23.831],[93.395,23.837],[93.394,23.883],[93.397,23.926],[93.389,23.93],[93.374,23.934],[93.363,23.942],[93.354,23.957],[93.35,23.974],[93.336,23.979],[93.333,23.983],[93.337,23.992],[93.339,24.009],[93.335,24.02],[93.341,24.027],[93.336,24.03],[93.334,24.039],[93.341,24.041],[93.335,24.053],[93.34,24.064],[93.337,24.068],[93.332,24.086],[93.352,24.094],[93.345,24.109],[93.355,24.105],[93.365,24.089],[93.389,24.084],[93.414,24.075],[93.423,24.068],[93.431,24.058],[93.438,24.039],[93.442,24.024],[93.451,24.019],[93.457,24.005],[93.465,23.995],[93.464,23.975],[93.47,23.966],[93.484,23.963],[93.488,23.957],[93.501,23.952],[93.507,23.945],[93.513,23.943],[93.529,23.956],[93.553,23.961],[93.555,23.975],[93.562,23.985],[93.567,23.984],[93.575,23.973],[93.578,23.966],[93.595,23.963],[93.607,23.969],[93.619,23.987],[93.614,24.006],[93.626,24.011],[93.633,24.009],[93.65,24.009],[93.661,24],[93.675,24.006],[93.711,24],[93.718,24.001],[93.738,23.994],[93.744,24.004],[93.755,24.005],[93.76,23.999],[93.771,23.977],[93.783,23.964],[93.791,23.963],[93.795,23.952],[93.803,23.942],[93.806,23.928],[93.814,23.925],[93.835,23.927],[93.846,23.933],[93.864,23.933],[93.875,23.942],[93.885,23.942],[93.894,23.95],[93.905,23.952],[93.919,23.951],[93.951,23.945],[93.957,23.941],[93.96,23.932],[93.967,23.928],[93.999,23.926],[94.015,23.928],[94.025,23.92],[94.041,23.912],[94.044,23.908],[94.049,23.895],[94.054,23.892],[94.073,23.887],[94.093,23.888],[94.098,23.883],[94.101,23.871],[94.111,23.861],[94.112,23.847],[94.12,23.837],[94.132,23.84],[94.137,23.85],[94.144,23.85],[94.153,23.845],[94.159,23.847],[94.162,23.859],[94.165,23.883],[94.167,23.923],[94.168,23.929],[94.174,23.933],[94.188,23.928],[94.193,23.932],[94.191,23.945],[94.192,23.959],[94.208,23.986],[94.213,23.991],[94.229,24.015],[94.243,24.038],[94.233,24.052],[94.23,24.061],[94.244,24.056],[94.257,24.083],[94.254,24.1],[94.257,24.114],[94.255,24.137],[94.26,24.162],[94.264,24.166],[94.277,24.17],[94.281,24.174],[94.282,24.196],[94.289,24.217],[94.293,24.234],[94.311,24.248],[94.325,24.286],[94.325,24.313],[94.324,24.333],[94.345,24.333],[94.349,24.336],[94.375,24.365],[94.384,24.378],[94.363,24.393],[94.372,24.398],[94.397,24.407],[94.405,24.425],[94.405,24.447],[94.398,24.456],[94.409,24.463],[94.401,24.481],[94.419,24.484],[94.427,24.487],[94.434,24.509],[94.438,24.514],[94.453,24.549],[94.457,24.56],[94.463,24.569],[94.483,24.576],[94.487,24.582],[94.496,24.586],[94.518,24.61],[94.529,24.626],[94.538,24.642],[94.548,24.668],[94.551,24.686],[94.544,24.701],[94.549,24.71],[94.56,24.712],[94.568,24.705],[94.574,24.705],[94.571,24.715],[94.575,24.723],[94.583,24.723],[94.582,24.708],[94.589,24.704],[94.608,24.715],[94.61,24.727],[94.615,24.737],[94.631,24.758],[94.631,24.766],[94.623,24.778],[94.622,24.789],[94.625,24.797],[94.632,24.808],[94.632,24.822],[94.639,24.842],[94.654,24.856],[94.655,24.867],[94.677,24.88],[94.69,24.893],[94.691,24.901],[94.699,24.921],[94.704,24.927],[94.717,24.935],[94.711,24.946],[94.703,24.953],[94.7,24.961],[94.701,24.971],[94.711,24.987],[94.724,24.994],[94.733,25.006],[94.74,25.018],[94.743,25.037],[94.749,25.056],[94.749,25.068],[94.743,25.095],[94.744,25.13],[94.734,25.136],[94.727,25.137],[94.712,25.143],[94.701,25.153],[94.685,25.151],[94.675,25.158],[94.656,25.166],[94.646,25.168],[94.636,25.175],[94.629,25.184],[94.611,25.183],[94.6,25.189],[94.59,25.199],[94.584,25.209],[94.585,25.219],[94.59,25.231],[94.598,25.26],[94.597,25.283],[94.6,25.292],[94.611,25.315],[94.634,25.353],[94.636,25.374],[94.643,25.395],[94.648,25.4],[94.669,25.406],[94.676,25.42],[94.681,25.453],[94.687,25.459],[94.72,25.466],[94.745,25.472],[94.75,25.476],[94.755,25.485],[94.761,25.485],[94.765,25.476],[94.771,25.475],[94.783,25.483],[94.795,25.487],[94.811,25.489],[94.819,25.507],[94.827,25.521],[94.828,25.532],[94.835,25.544],[94.851,25.556],[94.903,25.56],[94.902,25.564],[94.886,25.581],[94.887,25.586],[94.894,25.591],[94.91,25.596],[94.919,25.608],[94.925,25.634],[94.931,25.647],[94.934,25.658],[94.941,25.668],[94.982,25.697],[94.997,25.715],[95.001,25.726],[95.008,25.731],[95.017,25.731],[95.032,25.734],[95.039,25.74],[95.051,25.755],[95.044,25.776],[95.05,25.792],[95.048,25.803],[95.036,25.813],[95.033,25.82],[95.032,25.839],[95.026,25.844],[95.014,25.865],[95.014,25.874],[95.021,25.881],[95.018,25.894],[95.021,25.903],[95.027,25.913],[95.035,25.92],[95.035,25.928],[95.044,25.928],[95.056,25.94],[95.078,25.944],[95.092,25.954],[95.105,25.961],[95.116,25.981],[95.139,25.999],[95.148,26.012],[95.163,26.028],[95.164,26.046],[95.182,26.067],[95.184,26.078],[95.17,26.09],[95.165,26.092],[95.15,26.088],[95.137,26.096],[95.126,26.094],[95.119,26.103],[95.12,26.115],[95.127,26.13],[95.123,26.142],[95.116,26.156],[95.117,26.162],[95.125,26.176],[95.127,26.196],[95.142,26.207],[95.132,26.219],[95.122,26.226],[95.12,26.232],[95.129,26.249],[95.12,26.268],[95.12,26.273],[95.13,26.286],[95.13,26.301],[95.127,26.329],[95.133,26.336],[95.128,26.348],[95.134,26.369],[95.135,26.381],[95.121,26.391],[95.104,26.395],[95.105,26.408],[95.108,26.417],[95.086,26.446],[95.081,26.447],[95.066,26.444],[95.068,26.46],[95.076,26.471],[95.091,26.488],[95.102,26.497],[95.103,26.507],[95.113,26.512],[95.12,26.523],[95.114,26.542],[95.124,26.55],[95.126,26.556],[95.138,26.554],[95.154,26.574],[95.156,26.58],[95.152,26.591],[95.154,26.613],[95.171,26.624],[95.182,26.637],[95.191,26.641],[95.206,26.643],[95.219,26.654],[95.24,26.685],[95.25,26.686],[95.26,26.68],[95.262,26.667],[95.272,26.656],[95.293,26.655],[95.302,26.649],[95.308,26.651],[95.317,26.66],[95.346,26.671],[95.365,26.671],[95.371,26.673],[95.383,26.681],[95.406,26.69],[95.423,26.69],[95.435,26.701],[95.441,26.716],[95.454,26.726],[95.465,26.744],[95.483,26.748],[95.489,26.755],[95.502,26.776],[95.506,26.79],[95.514,26.806],[95.525,26.813],[95.532,26.824],[95.545,26.831],[95.554,26.833],[95.562,26.83],[95.574,26.819],[95.584,26.816],[95.611,26.814],[95.622,26.83],[95.632,26.842],[95.636,26.872],[95.651,26.877],[95.663,26.898],[95.673,26.903],[95.698,26.888],[95.703,26.88],[95.721,26.876],[95.73,26.88],[95.745,26.894],[95.755,26.901],[95.758,26.908],[95.752,26.923],[95.756,26.933],[95.763,26.938],[95.76,26.957],[95.779,26.983],[95.805,27.005],[95.808,27.013],[95.815,27.015],[95.838,27.008],[95.857,27.015],[95.877,27.013],[95.889,27.02],[95.9,27.024],[95.915,27.038],[95.936,27.045],[95.957,27.061],[95.963,27.074],[95.979,27.103],[95.989,27.118],[96.017,27.147],[96.023,27.159],[96.03,27.18],[96.036,27.189],[96.057,27.195],[96.069,27.206],[96.086,27.209],[96.092,27.219],[96.099,27.224],[96.114,27.226],[96.15,27.242],[96.163,27.247],[96.182,27.246],[96.196,27.257],[96.218,27.262],[96.227,27.273],[96.234,27.277],[96.241,27.276],[96.267,27.27],[96.278,27.271],[96.29,27.286],[96.311,27.294],[96.32,27.29],[96.335,27.288],[96.347,27.28],[96.361,27.286],[96.364,27.292],[96.382,27.289],[96.391,27.286],[96.401,27.29],[96.416,27.292],[96.433,27.302],[96.461,27.301],[96.47,27.304],[96.486,27.297],[96.5,27.301],[96.517,27.292],[96.522,27.285],[96.53,27.289],[96.545,27.301],[96.561,27.317],[96.575,27.321],[96.591,27.332],[96.6,27.336],[96.598,27.348],[96.612,27.361],[96.62,27.364],[96.646,27.359],[96.67,27.363],[96.693,27.357],[96.706,27.362],[96.712,27.372],[96.722,27.368],[96.74,27.355],[96.754,27.354],[96.772,27.356],[96.785,27.35],[96.802,27.345],[96.805,27.341],[96.816,27.32],[96.835,27.301],[96.849,27.297],[96.855,27.271],[96.865,27.259],[96.884,27.258],[96.888,27.254],[96.886,27.245],[96.892,27.238],[96.889,27.227],[96.884,27.223],[96.865,27.214],[96.862,27.209],[96.865,27.19],[96.875,27.184],[96.902,27.171],[96.917,27.165],[96.954,27.164],[96.972,27.161],[96.983,27.156],[96.998,27.144],[97.012,27.136],[97.029,27.131],[97.041,27.121],[97.051,27.108],[97.061,27.101],[97.078,27.099],[97.107,27.111],[97.113,27.109],[97.129,27.093],[97.138,27.09],[97.145,27.092],[97.154,27.115],[97.17,27.126],[97.171,27.133],[97.166,27.145],[97.155,27.151],[97.149,27.168],[97.139,27.167],[97.126,27.175],[97.123,27.189],[97.115,27.199],[97.099,27.204],[97.094,27.211],[97.095,27.231],[97.093,27.238],[97.081,27.244],[97.058,27.267],[97.056,27.275],[97.043,27.28],[97.039,27.298],[97.016,27.31],[97.002,27.32],[96.997,27.345],[96.984,27.353],[96.981,27.364],[96.971,27.369],[96.968,27.377],[96.975,27.386],[96.968,27.392],[96.965,27.406],[96.948,27.411],[96.941,27.417],[96.933,27.441],[96.925,27.447],[96.911,27.453],[96.911,27.472],[96.915,27.484],[96.925,27.494],[96.933,27.507],[96.937,27.521],[96.928,27.533],[96.924,27.542],[96.915,27.549],[96.913,27.567],[96.914,27.579],[96.903,27.581],[96.899,27.585],[96.897,27.612],[96.9,27.615],[96.913,27.619],[96.919,27.623],[96.931,27.638],[96.942,27.659],[96.958,27.665],[96.991,27.662],[96.992,27.677],[97.01,27.717],[97.016,27.732],[97.028,27.74],[97.037,27.743],[97.048,27.74],[97.056,27.743],[97.067,27.751],[97.091,27.739],[97.096,27.741],[97.105,27.766],[97.098,27.78],[97.102,27.784],[97.124,27.79],[97.134,27.797],[97.137,27.806],[97.16,27.814],[97.169,27.82],[97.168,27.827],[97.182,27.833],[97.203,27.855],[97.237,27.881],[97.247,27.895],[97.256,27.9],[97.309,27.921],[97.315,27.916],[97.324,27.903],[97.321,27.88],[97.343,27.885],[97.365,27.876],[97.378,27.884],[97.389,27.887],[97.387,27.894],[97.38,27.903],[97.378,27.909],[97.388,27.917],[97.388,27.921],[97.376,27.935],[97.379,27.954],[97.378,27.977],[97.383,27.983],[97.391,28.003],[97.412,28.006],[97.415,28.015],[97.399,28.025],[97.382,28.031],[97.377,28.03],[97.368,28.043],[97.374,28.054],[97.374,28.061],[97.366,28.059],[97.332,28.057],[97.312,28.061],[97.308,28.068],[97.311,28.085],[97.317,28.092],[97.339,28.111],[97.34,28.116],[97.327,28.133],[97.325,28.14],[97.331,28.154],[97.36,28.18],[97.364,28.188],[97.373,28.192],[97.393,28.183],[97.401,28.185],[97.401,28.192],[97.39,28.204],[97.375,28.217],[97.366,28.223],[97.352,28.226],[97.335,28.24],[97.323,28.244],[97.314,28.244],[97.307,28.256],[97.283,28.268],[97.269,28.27],[97.242,28.267],[97.235,28.273],[97.225,28.292],[97.215,28.291],[97.194,28.287],[97.179,28.29],[97.17,28.295],[97.16,28.319],[97.153,28.327],[97.131,28.344],[97.127,28.349],[97.114,28.352],[97.094,28.362],[97.067,28.352],[97.053,28.351],[97.043,28.342],[97.038,28.331],[97.024,28.319],[96.998,28.309],[96.988,28.315],[96.975,28.317],[96.954,28.333],[96.927,28.338],[96.922,28.345],[96.921,28.357],[96.912,28.365],[96.9,28.379],[96.895,28.379],[96.864,28.372],[96.854,28.362],[96.828,28.361],[96.799,28.364],[96.784,28.364],[96.776,28.368],[96.769,28.383],[96.765,28.398],[96.759,28.409],[96.753,28.415],[96.736,28.425],[96.719,28.427],[96.708,28.431],[96.683,28.445],[96.666,28.46],[96.641,28.458],[96.601,28.46],[96.582,28.457],[96.562,28.447],[96.553,28.436],[96.536,28.429],[96.522,28.418],[96.512,28.413],[96.499,28.418],[96.482,28.419],[96.46,28.414],[96.441,28.395],[96.434,28.386],[96.429,28.358],[96.425,28.345],[96.415,28.341],[96.401,28.339],[96.394,28.357],[96.382,28.359],[96.377,28.382],[96.373,28.389],[96.364,28.388],[96.322,28.381],[96.317,28.383],[96.307,28.399],[96.29,28.403],[96.27,28.405],[96.268,28.412],[96.277,28.419],[96.299,28.434],[96.312,28.44],[96.337,28.458],[96.344,28.465],[96.369,28.474],[96.375,28.482],[96.374,28.492],[96.363,28.505],[96.344,28.516],[96.327,28.525],[96.337,28.534],[96.346,28.546],[96.357,28.556],[96.373,28.559],[96.403,28.557],[96.409,28.559],[96.409,28.573],[96.402,28.585],[96.41,28.589],[96.425,28.58],[96.431,28.582],[96.437,28.592],[96.447,28.601],[96.475,28.617],[96.497,28.633],[96.498,28.639],[96.487,28.66],[96.473,28.68],[96.475,28.683],[96.493,28.684],[96.511,28.696],[96.525,28.704],[96.535,28.707],[96.563,28.707],[96.575,28.71],[96.589,28.717],[96.612,28.748],[96.618,28.76],[96.619,28.774],[96.611,28.793],[96.598,28.81],[96.587,28.817],[96.579,28.826],[96.566,28.843],[96.563,28.851],[96.556,28.859],[96.55,28.87],[96.541,28.88],[96.539,28.893],[96.542,28.917],[96.539,28.926],[96.527,28.944],[96.525,28.961],[96.517,28.966],[96.504,28.96],[96.491,28.961],[96.481,28.99],[96.492,29.006],[96.502,29.027],[96.515,29.049],[96.529,29.075],[96.522,29.075],[96.481,29.056],[96.47,29.05],[96.463,29.042],[96.439,29.034],[96.393,29.03],[96.372,29.031],[96.35,29.029],[96.325,29.009],[96.297,28.995],[96.285,28.98],[96.264,28.961],[96.259,28.956],[96.252,28.939],[96.232,28.926],[96.219,28.92],[96.189,28.908],[96.178,28.901],[96.17,28.902],[96.167,28.918],[96.149,28.934],[96.158,28.943],[96.159,28.952],[96.184,28.965],[96.188,28.974],[96.189,28.985],[96.184,28.996],[96.179,29],[96.169,29.017],[96.165,29.033],[96.154,29.05],[96.141,29.061],[96.119,29.074],[96.128,29.078],[96.174,29.084],[96.19,29.091],[96.204,29.103],[96.222,29.135],[96.232,29.143],[96.253,29.147],[96.264,29.157],[96.295,29.159],[96.312,29.165],[96.35,29.168],[96.363,29.178],[96.367,29.195],[96.376,29.215],[96.392,29.231],[96.396,29.243],[96.397,29.253],[96.386,29.273],[96.379,29.281],[96.368,29.283],[96.35,29.264],[96.317,29.256],[96.297,29.233],[96.27,29.234],[96.255,29.23],[96.248,29.232],[96.239,29.241],[96.231,29.257],[96.215,29.272],[96.208,29.291],[96.188,29.307],[96.19,29.342],[96.18,29.362],[96.163,29.381],[96.155,29.397],[96.129,29.415],[96.118,29.425],[96.098,29.454],[96.086,29.461],[96.061,29.456],[96.04,29.441],[96.02,29.419],[96.008,29.41],[95.998,29.408],[95.983,29.398],[95.971,29.385],[95.962,29.381],[95.94,29.382],[95.894,29.389],[95.886,29.39],[95.864,29.366],[95.845,29.352],[95.832,29.354],[95.824,29.35],[95.808,29.337],[95.796,29.336],[95.788,29.355],[95.783,29.355],[95.77,29.343],[95.75,29.327],[95.749,29.314],[95.732,29.301],[95.72,29.296],[95.707,29.299],[95.697,29.285],[95.688,29.275],[95.678,29.269],[95.648,29.254],[95.643,29.248],[95.636,29.247],[95.61,29.261],[95.604,29.26],[95.593,29.241],[95.591,29.216],[95.55,29.214],[95.543,29.212],[95.542,29.206],[95.546,29.195],[95.55,29.179],[95.552,29.149],[95.551,29.127],[95.543,29.129],[95.508,29.141],[95.501,29.138],[95.497,29.122],[95.497,29.107],[95.494,29.088],[95.488,29.069],[95.479,29.064],[95.469,29.052],[95.459,29.035],[95.443,29.035],[95.434,29.039],[95.426,29.039],[95.415,29.032],[95.389,29.036],[95.378,29.039],[95.35,29.044],[95.323,29.053],[95.307,29.061],[95.291,29.06],[95.271,29.056],[95.255,29.067],[95.256,29.084],[95.253,29.092],[95.256,29.108],[95.245,29.109],[95.202,29.106],[95.183,29.107],[95.151,29.114],[95.127,29.115],[95.119,29.12],[95.108,29.139],[95.104,29.142],[95.083,29.144],[95.045,29.151],[95.026,29.16],[95.01,29.169],[94.992,29.172],[94.998,29.164],[95.009,29.156],[95.023,29.142],[95.028,29.129],[95.016,29.132],[95,29.14],[94.973,29.159],[94.924,29.161],[94.912,29.165],[94.898,29.175],[94.877,29.183],[94.852,29.182],[94.815,29.166],[94.803,29.164],[94.798,29.169],[94.798,29.179],[94.802,29.195],[94.803,29.209],[94.796,29.225],[94.788,29.232],[94.772,29.252],[94.754,29.266],[94.742,29.281],[94.717,29.304],[94.701,29.313],[94.683,29.327],[94.672,29.331],[94.648,29.346],[94.634,29.348],[94.63,29.345],[94.63,29.336],[94.625,29.312],[94.617,29.301],[94.58,29.275],[94.578,29.25],[94.573,29.24],[94.564,29.228],[94.539,29.218],[94.5,29.216],[94.485,29.218],[94.461,29.223],[94.437,29.226],[94.42,29.212],[94.383,29.194],[94.378,29.19],[94.374,29.166],[94.37,29.157],[94.356,29.15],[94.303,29.15],[94.294,29.148],[94.283,29.135],[94.264,29.116],[94.231,29.089],[94.22,29.084],[94.191,29.038],[94.181,29.02],[94.178,29.007],[94.179,28.991],[94.172,28.98],[94.164,28.973],[94.161,28.954],[94.142,28.94],[94.126,28.929],[94.084,28.905],[94.072,28.895],[94.049,28.873],[94.035,28.853],[94.02,28.85],[94.008,28.846],[94,28.841],[94.005,28.819],[93.991,28.806],[93.991,28.797],[94.007,28.783],[94.007,28.775],[93.996,28.765],[93.983,28.758],[93.974,28.75],[93.97,28.742],[93.971,28.722],[93.962,28.704],[93.94,28.676],[93.925,28.669],[93.909,28.676],[93.87,28.703],[93.849,28.706],[93.841,28.704],[93.824,28.694],[93.79,28.67],[93.78,28.668],[93.766,28.674],[93.753,28.682],[93.737,28.688],[93.705,28.679],[93.691,28.679],[93.675,28.671],[93.644,28.661],[93.612,28.655],[93.567,28.659],[93.539,28.658],[93.53,28.661],[93.524,28.673],[93.515,28.679],[93.501,28.683],[93.489,28.679],[93.485,28.674],[93.48,28.653],[93.472,28.651],[93.462,28.668],[93.451,28.675],[93.435,28.662],[93.417,28.652],[93.395,28.649],[93.356,28.638],[93.342,28.64],[93.338,28.633],[93.333,28.608],[93.325,28.606],[93.305,28.599],[93.303,28.591],[93.309,28.576],[93.311,28.566],[93.303,28.557],[93.294,28.543],[93.281,28.504],[93.259,28.491],[93.241,28.482],[93.234,28.477],[93.213,28.451],[93.188,28.439],[93.186,28.432],[93.196,28.425],[93.231,28.407],[93.237,28.4],[93.227,28.377],[93.224,28.361],[93.228,28.34],[93.224,28.333],[93.212,28.322],[93.199,28.317],[93.185,28.316],[93.16,28.318],[93.141,28.324],[93.13,28.326],[93.117,28.315],[93.1,28.306],[93.092,28.305],[93.077,28.308],[93.051,28.302],[93.037,28.303],[93.027,28.299],[93.039,28.262],[93.025,28.251],[93.005,28.23],[92.995,28.234],[92.991,28.25],[92.98,28.259],[92.97,28.261],[92.961,28.258],[92.947,28.248],[92.928,28.242],[92.918,28.234],[92.91,28.214],[92.9,28.204],[92.845,28.179],[92.833,28.171],[92.826,28.173],[92.823,28.184],[92.824,28.197],[92.813,28.203],[92.805,28.201],[92.788,28.183],[92.742,28.151],[92.71,28.136],[92.692,28.125],[92.685,28.117],[92.672,28.077],[92.666,28.067],[92.668,28.062],[92.686,28.058],[92.7,28.048],[92.714,28.032],[92.726,28.015],[92.733,28.001],[92.744,27.988],[92.734,27.971],[92.719,27.948],[92.706,27.933],[92.691,27.919],[92.674,27.899],[92.656,27.892],[92.625,27.884],[92.61,27.877],[92.59,27.856],[92.581,27.841],[92.565,27.82],[92.548,27.817],[92.52,27.839],[92.506,27.841],[92.497,27.836],[92.481,27.821],[92.472,27.814],[92.46,27.802],[92.448,27.8],[92.432,27.811],[92.419,27.822],[92.403,27.82],[92.388,27.815],[92.385,27.794],[92.355,27.79],[92.321,27.777],[92.312,27.778],[92.29,27.807],[92.282,27.824],[92.272,27.853],[92.26,27.861],[92.239,27.862],[92.205,27.856],[92.176,27.842],[92.161,27.836],[92.125,27.81],[92.104,27.793],[92.09,27.779],[92.06,27.758],[92.043,27.757],[92.005,27.767],[91.989,27.769],[91.971,27.751],[91.961,27.75],[91.95,27.728],[91.939,27.721],[91.924,27.715],[91.913,27.726],[91.907,27.727],[91.884,27.721],[91.876,27.734],[91.866,27.736],[91.863,27.742],[91.856,27.765],[91.85,27.775],[91.839,27.779],[91.834,27.796],[91.833,27.807],[91.829,27.81],[91.821,27.803],[91.809,27.808],[91.776,27.801],[91.752,27.803],[91.715,27.813],[91.7,27.822],[91.685,27.844],[91.675,27.856],[91.667,27.858],[91.647,27.854],[91.627,27.857],[91.613,27.854],[91.6,27.862],[91.59,27.856],[91.583,27.862],[91.575,27.86],[91.57,27.852],[91.564,27.851],[91.558,27.858],[91.549,27.855],[91.551,27.847],[91.571,27.815],[91.578,27.812],[91.59,27.818],[91.604,27.82],[91.621,27.811],[91.634,27.8],[91.637,27.771],[91.645,27.765],[91.645,27.758],[91.635,27.747],[91.634,27.731],[91.629,27.715],[91.629,27.706],[91.621,27.702],[91.615,27.692],[91.608,27.695],[91.604,27.686],[91.597,27.683],[91.595,27.671],[91.572,27.652],[91.563,27.633],[91.568,27.62],[91.581,27.608],[91.582,27.599],[91.567,27.584],[91.572,27.575],[91.587,27.562],[91.599,27.539],[91.61,27.543],[91.614,27.541],[91.625,27.513],[91.644,27.503],[91.649,27.498],[91.652,27.484],[91.658,27.482],[91.679,27.494],[91.688,27.502],[91.695,27.502],[91.705,27.495],[91.715,27.491],[91.719,27.473],[91.725,27.47],[91.738,27.47],[91.747,27.473],[91.761,27.473],[91.767,27.466],[91.778,27.464],[91.793,27.469],[91.814,27.472],[91.833,27.468],[91.854,27.482],[91.868,27.481],[91.877,27.472],[91.896,27.472],[91.903,27.468],[91.914,27.47],[91.927,27.471],[91.944,27.46],[91.959,27.461],[91.97,27.466],[91.984,27.464],[91.994,27.473],[92.016,27.481],[92.023,27.479],[92.024,27.467],[92.021,27.457],[92.024,27.447],[92.028,27.441],[92.043,27.436],[92.048,27.424],[92.046,27.412],[92.059,27.399],[92.05,27.378],[92.053,27.357],[92.064,27.344],[92.063,27.326],[92.071,27.317],[92.082,27.309],[92.107,27.3],[92.121,27.292],[92.125,27.287],[92.123,27.275],[92.114,27.273],[92.106,27.268],[92.099,27.272],[92.087,27.271],[92.074,27.276],[92.053,27.271],[92.044,27.266],[92.044,27.261],[92.054,27.256],[92.056,27.251],[92.07,27.244],[92.074,27.223],[92.071,27.214],[92.061,27.202],[92.06,27.189],[92.055,27.183],[92.045,27.18],[92.029,27.171],[92.028,27.153],[92.04,27.137],[92.026,27.114],[92.026,27.107],[92.031,27.096],[92.032,27.078],[92.04,27.069],[92.037,27.064],[92.046,27.059],[92.049,27.051],[92.068,27.051],[92.08,27.039],[92.083,27.019],[92.092,27.016],[92.101,27.008],[92.107,27.007],[92.106,26.982],[92.108,26.977],[92.117,26.975],[92.121,26.959],[92.115,26.948],[92.12,26.931],[92.112,26.906],[92.111,26.893],[92.102,26.881],[92.101,26.867],[92.092,26.86],[92.086,26.861],[92.059,26.847],[92.049,26.846],[92.02,26.85],[91.998,26.854],[91.989,26.857],[91.963,26.876],[91.958,26.887],[91.946,26.894],[91.901,26.915],[91.887,26.915],[91.861,26.913],[91.857,26.911],[91.835,26.875],[91.821,26.863],[91.806,26.851],[91.779,26.838],[91.763,26.828],[91.731,26.812],[91.701,26.811],[91.691,26.804],[91.683,26.804],[91.657,26.814],[91.636,26.82],[91.628,26.82],[91.616,26.816],[91.604,26.808],[91.595,26.804],[91.497,26.789],[91.482,26.791],[91.458,26.807],[91.441,26.817],[91.412,26.835],[91.406,26.834],[91.384,26.801],[91.364,26.789],[91.34,26.779],[91.299,26.784],[91.266,26.804],[91.241,26.808],[91.207,26.808],[91.185,26.811],[91.134,26.808],[91.11,26.814],[91.101,26.819],[91.093,26.818],[91.08,26.8],[91.058,26.779],[91.046,26.779],[91.018,26.785],[91,26.788],[90.98,26.785],[90.931,26.782],[90.901,26.778],[90.875,26.779],[90.853,26.777],[90.807,26.774],[90.767,26.773],[90.746,26.775],[90.739,26.769],[90.728,26.767],[90.705,26.768],[90.684,26.78],[90.675,26.78],[90.654,26.774],[90.635,26.791],[90.606,26.797],[90.586,26.797],[90.565,26.801],[90.554,26.812],[90.544,26.816],[90.534,26.823],[90.459,26.872],[90.427,26.898],[90.415,26.902],[90.369,26.898],[90.36,26.896],[90.355,26.887],[90.351,26.876],[90.317,26.851],[90.307,26.848],[90.296,26.848],[90.268,26.855],[90.25,26.858],[90.231,26.858],[90.22,26.854],[90.2,26.833],[90.188,26.804],[90.194,26.77],[90.151,26.755],[90.133,26.749],[90.073,26.732],[90.05,26.729],[90.025,26.73],[90.007,26.734],[89.99,26.727],[89.963,26.723],[89.926,26.722],[89.895,26.724],[89.868,26.737],[89.864,26.731],[89.865,26.709],[89.86,26.703],[89.838,26.711],[89.826,26.714],[89.813,26.715],[89.804,26.713],[89.797,26.706],[89.782,26.699],[89.776,26.701],[89.773,26.708],[89.764,26.715],[89.761,26.721],[89.765,26.735],[89.758,26.736],[89.749,26.728],[89.739,26.727],[89.732,26.722],[89.725,26.73],[89.714,26.733],[89.709,26.737],[89.696,26.736],[89.675,26.739],[89.673,26.728],[89.664,26.718],[89.66,26.718],[89.648,26.723],[89.639,26.719],[89.62,26.726],[89.622,26.733],[89.634,26.742],[89.648,26.747],[89.653,26.753],[89.655,26.76],[89.66,26.763],[89.659,26.772],[89.646,26.783],[89.633,26.776],[89.617,26.789],[89.6,26.793],[89.573,26.802],[89.568,26.813],[89.565,26.815],[89.552,26.812],[89.544,26.813],[89.534,26.819],[89.523,26.815],[89.517,26.817],[89.502,26.803],[89.486,26.802],[89.465,26.806],[89.457,26.814],[89.459,26.83],[89.454,26.835],[89.434,26.836],[89.415,26.841],[89.396,26.842],[89.394,26.854],[89.39,26.862],[89.378,26.867],[89.366,26.863],[89.344,26.849],[89.334,26.84],[89.326,26.853],[89.318,26.85],[89.313,26.844],[89.296,26.834],[89.275,26.824],[89.271,26.82],[89.258,26.816],[89.242,26.821],[89.22,26.818],[89.196,26.808],[89.191,26.809],[89.185,26.819],[89.179,26.822],[89.167,26.818],[89.155,26.812],[89.14,26.808],[89.135,26.809],[89.127,26.822],[89.119,26.822],[89.115,26.833],[89.108,26.836],[89.107,26.849],[89.11,26.86],[89.105,26.867],[89.097,26.87],[89.094,26.875],[89.101,26.887],[89.092,26.897],[89.067,26.904],[89.056,26.902],[89.053,26.92],[89.038,26.93],[89.034,26.938],[89.027,26.939],[89.022,26.934],[89.001,26.924],[88.991,26.921],[88.978,26.92],[88.969,26.924],[88.948,26.938],[88.948,26.946],[88.962,26.954],[88.96,26.968],[88.953,26.977],[88.937,26.984],[88.926,26.996],[88.918,26.994],[88.909,26.981],[88.9,26.977],[88.896,26.961],[88.882,26.951],[88.879,26.957],[88.878,26.977],[88.877,27.011],[88.881,27.029],[88.885,27.038],[88.878,27.078],[88.88,27.092],[88.877,27.109],[88.865,27.107],[88.856,27.111],[88.85,27.117],[88.833,27.117],[88.818,27.126],[88.807,27.137],[88.792,27.135],[88.773,27.138],[88.758,27.143],[88.761,27.152],[88.768,27.158],[88.765,27.172],[88.773,27.178],[88.792,27.182],[88.796,27.19],[88.797,27.202],[88.802,27.208],[88.808,27.22],[88.807,27.237],[88.808,27.247],[88.826,27.255],[88.831,27.26],[88.842,27.263],[88.85,27.261],[88.871,27.262],[88.879,27.259],[88.89,27.269],[88.906,27.275],[88.914,27.283],[88.918,27.293],[88.917,27.306],[88.921,27.318],[88.929,27.326],[88.919,27.331],[88.897,27.336],[88.892,27.347],[88.89,27.357],[88.886,27.364],[88.874,27.368],[88.872,27.38],[88.864,27.387],[88.854,27.381],[88.846,27.379],[88.838,27.389],[88.833,27.39],[88.825,27.4],[88.817,27.405],[88.811,27.427],[88.801,27.436],[88.802,27.447],[88.791,27.455],[88.789,27.468],[88.793,27.492],[88.791,27.496],[88.796,27.528],[88.787,27.532],[88.783,27.537],[88.775,27.565],[88.776,27.568],[88.793,27.576],[88.795,27.585],[88.802,27.594],[88.813,27.603],[88.816,27.619],[88.814,27.632],[88.818,27.642],[88.83,27.643],[88.84,27.65],[88.854,27.669],[88.852,27.689],[88.853,27.7],[88.847,27.711],[88.858,27.717],[88.862,27.73],[88.87,27.739],[88.869,27.749],[88.862,27.759],[88.86,27.778],[88.865,27.799],[88.863,27.818],[88.881,27.827],[88.889,27.839],[88.89,27.855],[88.894,27.859],[88.889,27.87],[88.888,27.895],[88.878,27.902],[88.867,27.925],[88.844,27.932],[88.845,27.947],[88.852,27.956],[88.848,27.965],[88.849,27.991],[88.843,28],[88.841,28.011],[88.837,28.015],[88.816,28.025],[88.808,28.03],[88.795,28.043],[88.791,28.051],[88.76,28.073],[88.749,28.076],[88.723,28.075],[88.712,28.078],[88.704,28.077],[88.694,28.079],[88.675,28.074],[88.654,28.099],[88.646,28.104],[88.641,28.12],[88.63,28.131],[88.616,28.127],[88.621,28.11],[88.625,28.103],[88.605,28.097],[88.583,28.085],[88.576,28.089],[88.563,28.085],[88.561,28.065],[88.551,28.05],[88.55,28.04],[88.542,28.036],[88.531,28.038],[88.525,28.044],[88.51,28.049],[88.498,28.048],[88.49,28.045],[88.48,28.036],[88.47,28.019],[88.46,28.015],[88.435,28.008],[88.421,27.997],[88.411,27.983],[88.397,27.977],[88.372,27.988],[88.36,27.989],[88.346,27.988],[88.338,27.982],[88.325,27.979],[88.313,27.97],[88.289,27.967],[88.281,27.958],[88.267,27.956],[88.253,27.948],[88.244,27.954],[88.241,27.965],[88.238,27.967],[88.227,27.964],[88.218,27.967],[88.212,27.966],[88.203,27.946],[88.197,27.943],[88.182,27.944],[88.162,27.957],[88.148,27.963],[88.142,27.961],[88.133,27.95],[88.138,27.945],[88.138,27.938],[88.125,27.925],[88.123,27.912],[88.127,27.902],[88.135,27.895],[88.139,27.881],[88.134,27.873],[88.142,27.87],[88.152,27.871],[88.179,27.866],[88.192,27.856],[88.202,27.85],[88.203,27.842],[88.198,27.834],[88.177,27.821],[88.177,27.816],[88.186,27.813],[88.19,27.803],[88.197,27.797],[88.199,27.788],[88.184,27.762],[88.181,27.749],[88.16,27.736],[88.157,27.718],[88.152,27.704],[88.155,27.685],[88.151,27.669],[88.141,27.657],[88.132,27.653],[88.126,27.647],[88.122,27.638],[88.116,27.614],[88.108,27.604],[88.094,27.597],[88.086,27.59],[88.08,27.579],[88.084,27.57],[88.084,27.562],[88.067,27.549],[88.063,27.537],[88.07,27.534],[88.063,27.522],[88.06,27.511],[88.052,27.502],[88.047,27.493],[88.051,27.472],[88.061,27.462],[88.069,27.451],[88.071,27.443],[88.071,27.426],[88.054,27.414],[88.049,27.407],[88.044,27.383],[88.046,27.367],[88.05,27.361],[88.061,27.353],[88.065,27.338],[88.062,27.329],[88.049,27.312],[88.042,27.29],[88.035,27.28],[88.033,27.269],[88.033,27.248],[88.018,27.221],[88.018,27.195],[88.015,27.179],[88.018,27.173],[88.015,27.162],[88.003,27.136],[87.994,27.127],[87.991,27.117],[87.993,27.108],[88.011,27.1],[88.016,27.093],[88.025,27.085],[88.024,27.067],[88.028,27.055],[88.038,27.05],[88.046,27.038],[88.057,27.033],[88.069,27.031],[88.08,27.036],[88.086,27.034],[88.089,27.015],[88.093,27.007],[88.106,26.995],[88.116,26.988],[88.132,26.988],[88.135,26.981],[88.123,26.951],[88.125,26.944],[88.139,26.937],[88.144,26.928],[88.143,26.899],[88.144,26.889],[88.161,26.878],[88.172,26.868],[88.177,26.86],[88.176,26.852],[88.169,26.838],[88.176,26.829],[88.178,26.815],[88.182,26.811],[88.185,26.797],[88.184,26.784],[88.188,26.768],[88.189,26.729],[88.187,26.718],[88.181,26.705],[88.175,26.698],[88.167,26.681],[88.167,26.666],[88.165,26.65],[88.16,26.636],[88.14,26.621],[88.14,26.611],[88.133,26.604],[88.132,26.597],[88.135,26.591],[88.133,26.574],[88.125,26.575],[88.115,26.569],[88.114,26.559],[88.107,26.555],[88.112,26.539],[88.105,26.533],[88.109,26.525],[88.106,26.516],[88.1,26.509],[88.107,26.49],[88.108,26.482],[88.104,26.475],[88.109,26.465],[88.097,26.454],[88.103,26.446],[88.098,26.434],[88.087,26.422],[88.061,26.399],[88.04,26.385],[88.033,26.377],[88.031,26.355],[88.02,26.353],[88.01,26.355],[87.999,26.363],[87.992,26.373],[87.994,26.381],[87.991,26.393],[87.967,26.398],[87.935,26.418],[87.928,26.42],[87.927,26.429],[87.92,26.432],[87.927,26.444],[87.924,26.447],[87.901,26.449],[87.911,26.458],[87.902,26.477],[87.891,26.486],[87.887,26.476],[87.865,26.468],[87.86,26.463],[87.861,26.447],[87.853,26.446],[87.851,26.436],[87.83,26.44],[87.831,26.45],[87.816,26.46],[87.796,26.468],[87.792,26.463],[87.784,26.46],[87.777,26.451],[87.78,26.434],[87.776,26.422],[87.767,26.416],[87.767,26.409],[87.754,26.408],[87.75,26.418],[87.74,26.419],[87.736,26.408],[87.725,26.412],[87.715,26.427],[87.7,26.429],[87.694,26.436],[87.679,26.436],[87.679,26.416],[87.652,26.406],[87.653,26.393],[87.629,26.393],[87.614,26.391],[87.609,26.381],[87.59,26.382],[87.587,26.394],[87.576,26.396],[87.555,26.405],[87.55,26.419],[87.537,26.421],[87.518,26.43],[87.494,26.437],[87.479,26.44],[87.463,26.44],[87.444,26.433],[87.429,26.421],[87.411,26.421],[87.389,26.419],[87.378,26.408],[87.37,26.407],[87.365,26.403],[87.356,26.386],[87.355,26.373],[87.358,26.361],[87.341,26.348],[87.33,26.358],[87.319,26.364],[87.314,26.372],[87.303,26.367],[87.291,26.374],[87.267,26.374],[87.266,26.388],[87.268,26.397],[87.266,26.408],[87.246,26.415],[87.231,26.414],[87.222,26.406],[87.213,26.408],[87.213,26.413],[87.188,26.414],[87.191,26.405],[87.17,26.404],[87.158,26.406],[87.13,26.423],[87.115,26.434],[87.092,26.452],[87.083,26.505],[87.083,26.515],[87.078,26.537],[87.075,26.541],[87.074,26.56],[87.075,26.577],[87.072,26.586],[87.046,26.587],[87.046,26.573],[87.041,26.565],[87.016,26.534],[87,26.527],[86.987,26.528],[86.978,26.519],[86.964,26.522],[86.94,26.516],[86.933,26.512],[86.932,26.488],[86.896,26.487],[86.893,26.481],[86.897,26.462],[86.887,26.461],[86.873,26.455],[86.866,26.455],[86.849,26.445],[86.843,26.44],[86.823,26.44],[86.795,26.448],[86.773,26.458],[86.766,26.454],[86.763,26.446],[86.755,26.447],[86.747,26.432],[86.735,26.424],[86.73,26.426],[86.72,26.435],[86.708,26.437],[86.699,26.442],[86.693,26.451],[86.648,26.463],[86.635,26.467],[86.629,26.471],[86.628,26.478],[86.618,26.486],[86.604,26.489],[86.589,26.494],[86.573,26.498],[86.556,26.515],[86.551,26.531],[86.538,26.541],[86.526,26.544],[86.515,26.54],[86.501,26.542],[86.455,26.569],[86.428,26.575],[86.398,26.586],[86.396,26.595],[86.38,26.598],[86.359,26.604],[86.343,26.606],[86.346,26.617],[86.311,26.62],[86.297,26.613],[86.273,26.616],[86.256,26.613],[86.25,26.61],[86.237,26.597],[86.238,26.591],[86.222,26.59],[86.206,26.596],[86.201,26.594],[86.198,26.608],[86.195,26.615],[86.162,26.614],[86.144,26.604],[86.139,26.608],[86.143,26.622],[86.139,26.629],[86.127,26.628],[86.089,26.644],[86.077,26.65],[86.072,26.659],[86.058,26.66],[86.038,26.666],[86.03,26.666],[86.017,26.66],[86.015,26.656],[85.996,26.655],[85.976,26.659],[85.957,26.65],[85.954,26.641],[85.952,26.627],[85.946,26.623],[85.944,26.616],[85.932,26.614],[85.912,26.609],[85.902,26.602],[85.899,26.595],[85.89,26.592],[85.888,26.586],[85.876,26.582],[85.858,26.57],[85.848,26.572],[85.849,26.579],[85.857,26.591],[85.852,26.608],[85.831,26.613],[85.83,26.603],[85.818,26.603],[85.806,26.613],[85.802,26.625],[85.769,26.632],[85.759,26.638],[85.742,26.645],[85.737,26.65],[85.736,26.665],[85.728,26.669],[85.724,26.681],[85.725,26.71],[85.728,26.715],[85.727,26.724],[85.735,26.738],[85.73,26.748],[85.736,26.778],[85.736,26.795],[85.727,26.807],[85.726,26.817],[85.706,26.831],[85.678,26.845],[85.666,26.846],[85.644,26.853],[85.637,26.872],[85.624,26.874],[85.609,26.857],[85.588,26.848],[85.585,26.858],[85.576,26.86],[85.571,26.853],[85.567,26.841],[85.559,26.843],[85.555,26.834],[85.545,26.837],[85.523,26.813],[85.507,26.815],[85.498,26.808],[85.496,26.797],[85.48,26.802],[85.479,26.793],[85.475,26.789],[85.463,26.786],[85.455,26.781],[85.438,26.789],[85.426,26.786],[85.419,26.79],[85.409,26.791],[85.404,26.781],[85.395,26.775],[85.388,26.775],[85.381,26.764],[85.372,26.758],[85.362,26.763],[85.337,26.741],[85.322,26.748],[85.308,26.752],[85.296,26.752],[85.258,26.756],[85.249,26.761],[85.236,26.763],[85.217,26.758],[85.209,26.76],[85.194,26.78],[85.196,26.789],[85.185,26.798],[85.179,26.815],[85.192,26.83],[85.194,26.839],[85.194,26.853],[85.196,26.869],[85.178,26.87],[85.165,26.868],[85.141,26.87],[85.134,26.868],[85.122,26.871],[85.105,26.871],[85.097,26.867],[85.087,26.854],[85.071,26.853],[85.067,26.85],[85.046,26.851],[85.027,26.856],[85.033,26.874],[85.047,26.88],[85.06,26.882],[85.054,26.889],[85.011,26.894],[85.002,26.899],[85.007,26.906],[85.002,26.916],[84.987,26.919],[84.971,26.92],[84.972,26.93],[84.98,26.937],[84.979,26.945],[84.966,26.96],[84.962,26.963],[84.932,26.972],[84.901,26.973],[84.894,26.979],[84.873,26.988],[84.858,26.992],[84.855,26.996],[84.858,27.008],[84.829,27.021],[84.819,27.018],[84.816,27.012],[84.805,27.001],[84.793,26.998],[84.792,27.008],[84.778,27.018],[84.769,27.013],[84.763,27],[84.751,27.008],[84.734,27.015],[84.726,27.015],[84.722,27.02],[84.713,27.022],[84.702,27.029],[84.679,27.034],[84.668,27.04],[84.646,27.047],[84.651,27.06],[84.648,27.066],[84.651,27.073],[84.659,27.082],[84.671,27.091],[84.679,27.105],[84.675,27.11],[84.678,27.123],[84.686,27.142],[84.688,27.155],[84.681,27.162],[84.678,27.171],[84.686,27.181],[84.686,27.203],[84.69,27.213],[84.691,27.223],[84.676,27.256],[84.643,27.314],[84.626,27.337],[84.619,27.34],[84.607,27.338],[84.587,27.343],[84.566,27.349],[84.527,27.352],[84.487,27.36],[84.472,27.355],[84.46,27.363],[84.451,27.364],[84.442,27.369],[84.424,27.371],[84.409,27.369],[84.393,27.369],[84.383,27.375],[84.369,27.373],[84.341,27.375],[84.32,27.383],[84.311,27.39],[84.304,27.391],[84.294,27.385],[84.277,27.397],[84.279,27.404],[84.277,27.419],[84.272,27.429],[84.26,27.435],[84.259,27.444],[84.255,27.45],[84.241,27.452],[84.227,27.448],[84.225,27.44],[84.218,27.44],[84.213,27.449],[84.211,27.467],[84.201,27.47],[84.19,27.47],[84.176,27.475],[84.169,27.482],[84.155,27.487],[84.149,27.494],[84.15,27.501],[84.157,27.512],[84.154,27.519],[84.142,27.517],[84.134,27.512],[84.124,27.512],[84.117,27.521],[84.106,27.519],[84.102,27.514],[84.102,27.498],[84.088,27.486],[84.076,27.486],[84.07,27.481],[84.07,27.474],[84.065,27.464],[84.063,27.454],[84.054,27.45],[84.053,27.443],[84.044,27.445],[84.026,27.435],[84.012,27.44],[84.001,27.445],[83.99,27.443],[83.984,27.438],[83.967,27.445],[83.962,27.441],[83.95,27.441],[83.936,27.449],[83.915,27.44],[83.892,27.439],[83.881,27.435],[83.869,27.437],[83.856,27.445],[83.845,27.442],[83.835,27.428],[83.837,27.422],[83.857,27.406],[83.865,27.393],[83.879,27.386],[83.886,27.376],[83.881,27.362],[83.867,27.345],[83.84,27.366],[83.823,27.375],[83.782,27.391],[83.752,27.403],[83.745,27.407],[83.706,27.425],[83.692,27.434],[83.651,27.453],[83.614,27.469],[83.609,27.47],[83.571,27.47],[83.524,27.471],[83.451,27.475],[83.429,27.478],[83.402,27.478],[83.394,27.475],[83.396,27.465],[83.406,27.46],[83.407,27.454],[83.392,27.435],[83.392,27.426],[83.405,27.415],[83.406,27.399],[83.395,27.389],[83.391,27.373],[83.374,27.365],[83.374,27.355],[83.358,27.34],[83.341,27.334],[83.319,27.332],[83.312,27.329],[83.297,27.335],[83.279,27.347],[83.273,27.353],[83.27,27.361],[83.272,27.381],[83.262,27.388],[83.247,27.402],[83.224,27.411],[83.216,27.417],[83.205,27.436],[83.192,27.449],[83.184,27.453],[83.162,27.455],[83.112,27.449],[83.098,27.45],[83.053,27.448],[83.023,27.453],[83.002,27.459],[82.975,27.464],[82.947,27.474],[82.938,27.495],[82.926,27.5],[82.907,27.5],[82.883,27.496],[82.857,27.498],[82.841,27.501],[82.832,27.5],[82.818,27.495],[82.782,27.5],[82.746,27.5],[82.74,27.502],[82.737,27.51],[82.74,27.517],[82.749,27.521],[82.745,27.528],[82.745,27.537],[82.741,27.545],[82.746,27.553],[82.747,27.565],[82.755,27.583],[82.753,27.589],[82.741,27.604],[82.738,27.612],[82.74,27.627],[82.744,27.632],[82.733,27.641],[82.733,27.652],[82.716,27.662],[82.72,27.678],[82.72,27.688],[82.712,27.7],[82.709,27.711],[82.712,27.719],[82.699,27.72],[82.691,27.716],[82.66,27.715],[82.645,27.71],[82.633,27.711],[82.624,27.703],[82.614,27.704],[82.604,27.702],[82.599,27.696],[82.586,27.697],[82.566,27.689],[82.543,27.685],[82.528,27.689],[82.517,27.689],[82.488,27.683],[82.477,27.676],[82.459,27.676],[82.443,27.684],[82.43,27.688],[82.421,27.695],[82.388,27.714],[82.38,27.731],[82.371,27.739],[82.349,27.753],[82.3,27.775],[82.284,27.785],[82.277,27.795],[82.258,27.81],[82.24,27.818],[82.23,27.824],[82.223,27.834],[82.207,27.846],[82.194,27.848],[82.16,27.865],[82.154,27.864],[82.152,27.858],[82.126,27.866],[82.121,27.874],[82.104,27.884],[82.086,27.905],[82.075,27.924],[82.067,27.921],[82.053,27.922],[81.995,27.927],[81.971,27.929],[81.966,27.919],[81.958,27.908],[81.944,27.895],[81.94,27.884],[81.927,27.877],[81.929,27.86],[81.921,27.855],[81.91,27.854],[81.891,27.858],[81.882,27.865],[81.87,27.871],[81.842,27.89],[81.835,27.897],[81.822,27.902],[81.814,27.9],[81.807,27.903],[81.781,27.92],[81.755,27.944],[81.742,27.953],[81.727,27.967],[81.7,27.989],[81.672,27.99],[81.658,27.993],[81.633,28.003],[81.609,28.018],[81.581,28.028],[81.564,28.041],[81.544,28.05],[81.478,28.084],[81.484,28.114],[81.474,28.123],[81.461,28.13],[81.456,28.137],[81.45,28.156],[81.429,28.171],[81.417,28.174],[81.381,28.173],[81.373,28.165],[81.38,28.156],[81.381,28.148],[81.377,28.144],[81.364,28.14],[81.331,28.138],[81.32,28.135],[81.318,28.142],[81.326,28.147],[81.329,28.154],[81.319,28.155],[81.314,28.161],[81.327,28.171],[81.321,28.185],[81.323,28.192],[81.32,28.202],[81.303,28.219],[81.293,28.223],[81.285,28.234],[81.269,28.249],[81.24,28.281],[81.236,28.292],[81.238,28.322],[81.236,28.33],[81.228,28.339],[81.215,28.358],[81.201,28.362],[81.167,28.369],[81.139,28.372],[81.127,28.375],[81.11,28.376],[81.086,28.385],[81.054,28.407],[81.04,28.411],[81.037,28.4],[81.022,28.41],[81.04,28.425],[81.04,28.43],[81.03,28.437],[81.022,28.431],[81.017,28.433],[81.016,28.447],[81.004,28.45],[80.991,28.44],[80.982,28.441],[80.979,28.436],[80.966,28.436],[80.968,28.451],[80.958,28.446],[80.939,28.451],[80.944,28.459],[80.942,28.466],[80.929,28.454],[80.921,28.455],[80.921,28.461],[80.91,28.457],[80.902,28.461],[80.9,28.469],[80.902,28.483],[80.91,28.487],[80.909,28.495],[80.897,28.499],[80.892,28.505],[80.879,28.507],[80.865,28.505],[80.866,28.492],[80.842,28.498],[80.832,28.51],[80.824,28.516],[80.787,28.525],[80.788,28.541],[80.784,28.546],[80.772,28.551],[80.772,28.563],[80.767,28.568],[80.747,28.573],[80.739,28.567],[80.727,28.573],[80.714,28.571],[80.703,28.575],[80.695,28.586],[80.699,28.598],[80.698,28.603],[80.684,28.603],[80.679,28.622],[80.671,28.627],[80.67,28.638],[80.66,28.638],[80.647,28.642],[80.632,28.637],[80.616,28.642],[80.608,28.649],[80.594,28.646],[80.596,28.656],[80.584,28.661],[80.591,28.679],[80.583,28.684],[80.558,28.691],[80.546,28.69],[80.524,28.678],[80.509,28.666],[80.509,28.642],[80.518,28.607],[80.521,28.58],[80.529,28.575],[80.533,28.569],[80.532,28.563],[80.523,28.558],[80.498,28.573],[80.496,28.579],[80.488,28.585],[80.472,28.588],[80.474,28.601],[80.469,28.607],[80.466,28.62],[80.462,28.624],[80.447,28.629],[80.444,28.634],[80.433,28.639],[80.426,28.639],[80.394,28.631],[80.383,28.63],[80.372,28.633],[80.362,28.641],[80.362,28.652],[80.354,28.657],[80.333,28.666],[80.326,28.678],[80.323,28.697],[80.3,28.707],[80.282,28.709],[80.275,28.712],[80.273,28.718],[80.262,28.726],[80.268,28.735],[80.271,28.744],[80.262,28.753],[80.248,28.758],[80.224,28.756],[80.211,28.76],[80.199,28.766],[80.157,28.801],[80.133,28.822],[80.119,28.826],[80.107,28.824],[80.082,28.824],[80.07,28.829],[80.064,28.845],[80.064,28.889],[80.063,28.904],[80.067,28.919],[80.082,28.944],[80.089,28.962],[80.103,28.981],[80.121,28.985],[80.125,29.001],[80.138,29.004],[80.141,29.01],[80.131,29.014],[80.134,29.03],[80.13,29.035],[80.144,29.059],[80.136,29.065],[80.136,29.072],[80.145,29.093],[80.152,29.105],[80.166,29.118],[80.19,29.133],[80.206,29.128],[80.21,29.123],[80.219,29.119],[80.24,29.119],[80.25,29.132],[80.263,29.14],[80.272,29.143],[80.274,29.149],[80.263,29.165],[80.266,29.176],[80.263,29.19],[80.25,29.202],[80.253,29.217],[80.262,29.218],[80.265,29.211],[80.286,29.205],[80.292,29.196],[80.298,29.195],[80.303,29.203],[80.301,29.215],[80.298,29.221],[80.298,29.235],[80.304,29.241],[80.303,29.247],[80.308,29.283],[80.311,29.291],[80.319,29.298],[80.32,29.305],[80.317,29.323],[80.297,29.327],[80.295,29.34],[80.285,29.344],[80.284,29.357],[80.275,29.365],[80.281,29.374],[80.278,29.394],[80.261,29.401],[80.249,29.408],[80.247,29.446],[80.26,29.45],[80.269,29.45],[80.276,29.456],[80.282,29.457],[80.288,29.448],[80.304,29.453],[80.302,29.46],[80.293,29.467],[80.303,29.486],[80.316,29.481],[80.318,29.493],[80.337,29.51],[80.352,29.515],[80.357,29.525],[80.358,29.531],[80.349,29.536],[80.349,29.547],[80.367,29.56],[80.376,29.563],[80.388,29.571],[80.398,29.571],[80.404,29.586],[80.414,29.598],[80.413,29.615],[80.423,29.629],[80.425,29.636],[80.421,29.65],[80.395,29.669],[80.391,29.686],[80.379,29.71],[80.379,29.718],[80.37,29.725],[80.37,29.74],[80.375,29.749],[80.386,29.748],[80.393,29.757],[80.402,29.76],[80.41,29.79],[80.419,29.792],[80.433,29.798],[80.442,29.806],[80.454,29.798],[80.47,29.801],[80.49,29.794],[80.496,29.796],[80.501,29.812],[80.511,29.823],[80.525,29.83],[80.536,29.84],[80.542,29.848],[80.555,29.854],[80.562,29.865],[80.562,29.876],[80.571,29.887],[80.574,29.895],[80.573,29.923],[80.579,29.934],[80.6,29.954],[80.608,29.958],[80.617,29.958],[80.629,29.964],[80.639,29.96],[80.659,29.959],[80.682,29.961],[80.692,29.975],[80.706,29.986],[80.715,29.995],[80.725,30.001],[80.735,29.997],[80.744,30.002],[80.755,30.019],[80.761,30.032],[80.763,30.048],[80.773,30.058],[80.789,30.066],[80.799,30.077],[80.811,30.094],[80.824,30.1],[80.841,30.101],[80.851,30.117],[80.875,30.131],[80.878,30.136],[80.876,30.15],[80.868,30.172],[80.883,30.184],[80.888,30.195],[80.903,30.216],[80.913,30.218],[80.922,30.207],[80.921,30.186],[80.928,30.179],[80.937,30.177],[80.963,30.185],[80.971,30.183],[80.98,30.191],[80.993,30.187],[81.028,30.198],[81.043,30.199],[81.042,30.21],[81.033,30.228],[81.034,30.245],[81.025,30.257],[81.008,30.265],[80.982,30.27],[80.955,30.279],[80.931,30.282],[80.911,30.288],[80.898,30.294],[80.88,30.298],[80.86,30.302],[80.826,30.314],[80.797,30.332],[80.787,30.342],[80.774,30.37],[80.764,30.382],[80.746,30.397],[80.714,30.413],[80.675,30.44],[80.664,30.44],[80.653,30.445],[80.643,30.454],[80.608,30.477],[80.591,30.484],[80.581,30.483],[80.57,30.462],[80.545,30.455],[80.541,30.449],[80.529,30.455],[80.519,30.465],[80.509,30.48],[80.5,30.485],[80.472,30.488],[80.438,30.5],[80.424,30.513],[80.421,30.521],[80.415,30.526],[80.406,30.524],[80.396,30.518],[80.383,30.521],[80.36,30.532],[80.33,30.548],[80.32,30.562],[80.308,30.564],[80.293,30.569],[80.282,30.568],[80.272,30.563],[80.262,30.563],[80.255,30.56],[80.244,30.567],[80.226,30.577],[80.221,30.592],[80.227,30.602],[80.226,30.61],[80.214,30.613],[80.214,30.622],[80.223,30.631],[80.224,30.639],[80.215,30.65],[80.203,30.656],[80.195,30.664],[80.198,30.674],[80.214,30.685],[80.225,30.686],[80.235,30.692],[80.239,30.709],[80.246,30.717],[80.252,30.735],[80.238,30.76],[80.226,30.758],[80.222,30.752],[80.205,30.758],[80.2,30.769],[80.2,30.781],[80.183,30.802],[80.174,30.807],[80.163,30.808],[80.155,30.806],[80.153,30.79],[80.141,30.788],[80.128,30.775],[80.118,30.774],[80.089,30.794],[80.085,30.814],[80.065,30.827],[80.059,30.838],[80.04,30.838],[80.033,30.842],[80.014,30.859],[80.003,30.864],[79.983,30.877],[79.962,30.885],[79.95,30.887],[79.936,30.885],[79.93,30.887],[79.921,30.904],[79.913,30.916],[79.893,30.921],[79.889,30.936],[79.879,30.961],[79.867,30.975],[79.846,30.978],[79.826,30.972],[79.82,30.972],[79.808,30.979],[79.776,30.988],[79.761,31.001],[79.753,31.001],[79.748,30.996],[79.74,30.985],[79.729,30.98],[79.708,30.976],[79.686,30.979],[79.678,30.981],[79.667,30.979],[79.665,30.965],[79.658,30.962],[79.639,30.96],[79.631,30.956],[79.605,30.937],[79.599,30.94],[79.591,30.949],[79.569,30.953],[79.548,30.968],[79.546,30.972],[79.553,30.986],[79.535,30.99],[79.538,30.999],[79.532,31.011],[79.521,31.018],[79.517,31.034],[79.503,31.036],[79.495,31.033],[79.481,31.036],[79.473,31.034],[79.437,31.03],[79.428,31.032],[79.424,31.051],[79.424,31.066],[79.422,31.072],[79.408,31.074],[79.405,31.093],[79.397,31.113],[79.392,31.115],[79.376,31.115],[79.36,31.122],[79.34,31.124],[79.339,31.13],[79.327,31.134],[79.315,31.144],[79.311,31.152],[79.3,31.165],[79.298,31.176],[79.303,31.183],[79.304,31.19],[79.288,31.225],[79.278,31.24],[79.259,31.242],[79.249,31.249],[79.249,31.264],[79.253,31.271],[79.262,31.279],[79.264,31.291],[79.242,31.309],[79.237,31.315],[79.237,31.332],[79.228,31.339],[79.214,31.347],[79.204,31.355],[79.193,31.367],[79.179,31.394],[79.164,31.406],[79.152,31.425],[79.145,31.434],[79.116,31.443],[79.105,31.45],[79.092,31.453],[79.082,31.459],[79.073,31.467],[79.064,31.465],[79.053,31.452],[79.05,31.44],[79.05,31.423],[79.023,31.396],[79.01,31.374],[79.009,31.362],[79.005,31.357],[78.996,31.352],[78.977,31.347],[78.953,31.337],[78.946,31.333],[78.939,31.32],[78.941,31.309],[78.939,31.296],[78.931,31.282],[78.932,31.262],[78.922,31.254],[78.901,31.261],[78.895,31.266],[78.883,31.296],[78.864,31.317],[78.853,31.324],[78.845,31.325],[78.847,31.334],[78.853,31.34],[78.856,31.349],[78.85,31.367],[78.843,31.376],[78.824,31.387],[78.792,31.397],[78.792,31.402],[78.808,31.413],[78.813,31.44],[78.811,31.448],[78.796,31.457],[78.77,31.476],[78.767,31.484],[78.76,31.485],[78.739,31.481],[78.732,31.482],[78.731,31.503],[78.724,31.51],[78.723,31.516],[78.733,31.526],[78.737,31.536],[78.766,31.544],[78.773,31.549],[78.784,31.561],[78.813,31.571],[78.839,31.596],[78.847,31.61],[78.843,31.623],[78.833,31.632],[78.811,31.644],[78.8,31.656],[78.797,31.668],[78.796,31.685],[78.781,31.681],[78.764,31.68],[78.75,31.687],[78.745,31.698],[78.742,31.713],[78.738,31.726],[78.73,31.732],[78.728,31.74],[78.741,31.759],[78.72,31.766],[78.713,31.774],[78.708,31.789],[78.707,31.802],[78.709,31.81],[78.718,31.821],[78.737,31.831],[78.74,31.842],[78.741,31.88],[78.748,31.894],[78.749,31.909],[78.762,31.921],[78.769,31.935],[78.778,31.959],[78.788,31.995],[78.767,31.999],[78.754,32],[78.747,32.004],[78.742,32.013],[78.729,32.025],[78.713,32.036],[78.707,32.041],[78.703,32.053],[78.691,32.065],[78.678,32.074],[78.669,32.084],[78.665,32.103],[78.656,32.108],[78.645,32.111],[78.623,32.113],[78.613,32.119],[78.611,32.131],[78.605,32.143],[78.591,32.154],[78.594,32.161],[78.606,32.167],[78.611,32.184],[78.608,32.2],[78.612,32.207],[78.61,32.215],[78.591,32.227],[78.56,32.245],[78.541,32.246],[78.519,32.242],[78.5,32.239],[78.481,32.242],[78.456,32.242],[78.459,32.248],[78.476,32.265],[78.481,32.274],[78.484,32.288],[78.482,32.317],[78.478,32.333],[78.48,32.346],[78.485,32.354],[78.5,32.362],[78.511,32.373],[78.513,32.387],[78.519,32.397],[78.534,32.409],[78.536,32.415],[78.52,32.422],[78.496,32.422],[78.486,32.438],[78.479,32.444],[78.456,32.453],[78.453,32.459],[78.455,32.467],[78.463,32.478],[78.466,32.486],[78.463,32.494],[78.449,32.507],[78.427,32.508],[78.419,32.514],[78.417,32.523],[78.405,32.529],[78.427,32.531],[78.43,32.534],[78.431,32.549],[78.437,32.562],[78.444,32.57],[78.46,32.58],[78.472,32.584],[78.496,32.581],[78.515,32.59],[78.536,32.609],[78.555,32.612],[78.573,32.618],[78.588,32.616],[78.595,32.61],[78.609,32.606],[78.614,32.597],[78.619,32.596],[78.634,32.604],[78.639,32.61],[78.648,32.631],[78.662,32.654],[78.68,32.658],[78.704,32.657],[78.723,32.661],[78.734,32.667],[78.75,32.682],[78.761,32.697],[78.769,32.697],[78.769,32.686],[78.763,32.655],[78.773,32.641],[78.779,32.628],[78.793,32.618],[78.795,32.612],[78.797,32.598],[78.794,32.589],[78.776,32.573],[78.777,32.558],[78.789,32.536],[78.799,32.502],[78.805,32.49],[78.807,32.482],[78.82,32.462],[78.827,32.439],[78.833,32.436],[78.847,32.44],[78.859,32.441],[78.875,32.417],[78.903,32.393],[78.921,32.383],[78.944,32.373],[78.953,32.367],[78.96,32.367],[78.968,32.359],[78.979,32.339],[78.985,32.338],[78.994,32.345],[79.009,32.37],[79.015,32.377],[79.033,32.385],[79.061,32.391],[79.115,32.384],[79.121,32.394],[79.123,32.41],[79.126,32.414],[79.143,32.42],[79.147,32.437],[79.141,32.453],[79.134,32.459],[79.132,32.471],[79.137,32.477],[79.148,32.481],[79.183,32.481],[79.195,32.483],[79.212,32.492],[79.221,32.498],[79.238,32.506],[79.242,32.51],[79.246,32.525],[79.251,32.534],[79.265,32.531],[79.277,32.534],[79.295,32.55],[79.311,32.572],[79.318,32.59],[79.323,32.593],[79.34,32.592],[79.36,32.584],[79.367,32.583],[79.379,32.576],[79.395,32.572],[79.399,32.537],[79.407,32.53],[79.424,32.527],[79.448,32.533],[79.456,32.542],[79.466,32.563],[79.47,32.576],[79.502,32.596],[79.516,32.608],[79.567,32.673],[79.578,32.679],[79.601,32.708],[79.618,32.724],[79.627,32.738],[79.615,32.764],[79.603,32.777],[79.587,32.774],[79.582,32.781],[79.573,32.782],[79.564,32.794],[79.553,32.805],[79.542,32.822],[79.516,32.856],[79.506,32.867],[79.493,32.877],[79.482,32.891],[79.464,32.92],[79.44,32.945],[79.426,32.956],[79.422,32.962],[79.409,32.97],[79.391,32.967],[79.383,32.972],[79.386,32.982],[79.384,32.989],[79.368,32.991],[79.36,32.996],[79.355,33.003],[79.341,33.006],[79.333,33.01],[79.336,33.016],[79.347,33.02],[79.363,33.022],[79.382,33.028],[79.394,33.036],[79.396,33.044],[79.394,33.054],[79.377,33.085],[79.381,33.098],[79.393,33.124],[79.405,33.144],[79.419,33.16],[79.438,33.19],[79.447,33.206],[79.451,33.217],[79.453,33.242],[79.456,33.25],[79.455,33.259],[79.447,33.265],[79.426,33.268],[79.366,33.283],[79.34,33.275],[79.328,33.273],[79.316,33.273],[79.297,33.281],[79.278,33.284],[79.25,33.296],[79.241,33.298],[79.209,33.292],[79.19,33.293],[79.177,33.295],[79.171,33.291],[79.144,33.293],[79.134,33.29],[79.111,33.292],[79.097,33.295],[79.073,33.306],[79.062,33.31],[79.054,33.316],[79.026,33.329],[79.018,33.335],[78.993,33.331],[78.989,33.334],[78.98,33.356],[78.973,33.36],[78.97,33.374],[78.954,33.381],[78.95,33.408],[78.94,33.412],[78.933,33.433],[78.931,33.465],[78.936,33.489],[78.942,33.5],[78.943,33.509],[78.941,33.527],[78.928,33.56],[78.915,33.576],[78.918,33.587],[78.916,33.603],[78.917,33.622],[78.914,33.628],[78.919,33.634],[78.928,33.631],[78.95,33.621],[78.971,33.616],[78.99,33.611],[79,33.612],[79.014,33.621],[79.03,33.626],[79.048,33.628],[79.065,33.627],[79.074,33.622],[79.105,33.614],[79.105,33.622],[79.096,33.638],[79.09,33.657],[79.092,33.68],[79.086,33.688],[79.072,33.679],[79.054,33.678],[79.038,33.684],[79.029,33.692],[79.021,33.706],[79.026,33.723],[79.033,33.731],[79.042,33.737],[79.043,33.75],[79.06,33.753],[79.069,33.758],[79.061,33.77],[79.06,33.78],[79.054,33.778],[79.051,33.768],[79.043,33.767],[79.037,33.782],[79.02,33.776],[79.013,33.788],[79.019,33.799],[79.005,33.799],[78.975,33.85],[78.968,33.86],[78.954,33.889],[78.953,33.902],[78.944,33.909],[78.949,33.917],[78.946,33.924],[78.937,33.927],[78.921,33.957],[78.908,33.967],[78.906,33.976],[78.92,33.989],[78.927,33.999],[78.933,34.012],[78.941,34.024],[78.964,34.033],[78.978,34.036],[79.015,34.05],[79.028,34.048],[79.044,34.036],[79.062,34.029],[79.084,34.022],[79.113,34.02],[79.131,34.024],[79.144,34.035],[79.147,34.046],[79.149,34.063],[79.152,34.068],[79.161,34.066],[79.171,34.073],[79.179,34.072],[79.198,34.051],[79.207,34.05],[79.22,34.053],[79.248,34.051],[79.26,34.048],[79.274,34.039],[79.297,34.043],[79.306,34.043],[79.353,34.037],[79.376,34.033],[79.399,34.027],[79.406,34.023],[79.412,34.016],[79.42,34.014],[79.434,34.023],[79.438,34.029],[79.43,34.043],[79.42,34.048],[79.414,34.056],[79.414,34.063],[79.42,34.078],[79.429,34.09],[79.434,34.093],[79.45,34.097],[79.461,34.102],[79.487,34.126],[79.495,34.136],[79.489,34.149],[79.49,34.157],[79.495,34.18],[79.507,34.206],[79.511,34.21],[79.526,34.212],[79.537,34.206],[79.546,34.209],[79.549,34.214],[79.565,34.218],[79.579,34.229],[79.584,34.238],[79.588,34.264],[79.592,34.282],[79.576,34.304],[79.57,34.317],[79.563,34.324],[79.56,34.332],[79.562,34.358],[79.56,34.371],[79.554,34.388],[79.561,34.399],[79.56,34.411],[79.543,34.41],[79.528,34.418],[79.527,34.446],[79.509,34.468],[79.509,34.474],[79.543,34.479],[79.58,34.49],[79.593,34.501],[79.609,34.492],[79.652,34.488],[79.661,34.48],[79.673,34.484],[79.685,34.479],[79.696,34.478],[79.707,34.48],[79.733,34.478],[79.744,34.481],[79.767,34.48],[79.794,34.485],[79.806,34.497],[79.812,34.497],[79.815,34.52],[79.81,34.531],[79.782,34.544],[79.775,34.552],[79.762,34.552],[79.758,34.555],[79.759,34.566],[79.771,34.582],[79.788,34.587],[79.793,34.593],[79.784,34.606],[79.772,34.622],[79.78,34.631],[79.804,34.643],[79.817,34.643],[79.82,34.647],[79.825,34.661],[79.85,34.683],[79.861,34.689],[79.878,34.691],[79.9,34.691],[79.928,34.687],[79.933,34.682],[79.945,34.681],[79.965,34.687],[80.044,34.704],[80.066,34.712],[80.069,34.715],[80.073,34.733],[80.073,34.746],[80.067,34.791],[80.073,34.828],[80.084,34.849],[80.107,34.868],[80.119,34.889],[80.124,34.893],[80.13,34.909],[80.137,34.919],[80.151,34.948],[80.16,34.971],[80.171,34.989],[80.178,35.019],[80.184,35.041],[80.186,35.063],[80.184,35.091],[80.178,35.137],[80.178,35.148],[80.184,35.167],[80.195,35.183],[80.215,35.204],[80.226,35.22],[80.229,35.228],[80.23,35.252],[80.236,35.277],[80.24,35.288],[80.248,35.301],[80.271,35.344],[80.275,35.363],[80.284,35.388],[80.284,35.409],[80.281,35.441],[80.298,35.461],[80.318,35.464],[80.326,35.467],[80.329,35.473],[80.32,35.505],[80.318,35.523],[80.311,35.554],[80.307,35.563],[80.306,35.573],[80.295,35.602],[80.276,35.622],[80.253,35.632],[80.237,35.642],[80.208,35.65],[80.19,35.657],[80.142,35.669],[80.115,35.677],[80.106,35.683],[80.1,35.698],[80.092,35.712],[80.088,35.725],[80.058,35.75],[80.053,35.765],[80.038,35.8],[80.018,35.824],[80.01,35.831],[79.999,35.838],[79.988,35.84],[79.972,35.841],[79.954,35.837],[79.919,35.822],[79.905,35.813],[79.877,35.785],[79.869,35.783],[79.838,35.789],[79.826,35.791],[79.796,35.797],[79.746,35.8],[79.727,35.805],[79.718,35.811],[79.716,35.817],[79.696,35.825],[79.687,35.827],[79.666,35.835],[79.644,35.839],[79.632,35.844],[79.585,35.857],[79.56,35.862],[79.547,35.867],[79.518,35.884],[79.495,35.888],[79.449,35.891],[79.426,35.895],[79.417,35.9],[79.403,35.919],[79.4,35.934],[79.393,35.955],[79.392,35.971],[79.387,35.99],[79.378,35.995],[79.362,35.99],[79.345,35.989],[79.29,35.99],[79.242,35.987],[79.22,35.982],[79.215,35.979],[79.198,35.961],[79.19,35.947],[79.188,35.927],[79.198,35.899],[79.194,35.887],[79.18,35.87],[79.157,35.85],[79.139,35.839],[79.131,35.836],[79.118,35.837],[79.092,35.841],[79.082,35.844],[79.064,35.846],[79.028,35.847],[79.009,35.854],[78.99,35.867],[78.986,35.873],[78.975,35.88],[78.97,35.889],[78.958,35.892],[78.949,35.883],[78.94,35.88],[78.914,35.876],[78.891,35.869],[78.874,35.866],[78.863,35.862],[78.824,35.856],[78.804,35.856],[78.784,35.861],[78.769,35.87],[78.751,35.867],[78.744,35.868],[78.719,35.868],[78.707,35.861],[78.691,35.856],[78.681,35.859],[78.665,35.857],[78.658,35.854],[78.642,35.837],[78.635,35.828],[78.62,35.817],[78.611,35.814],[78.59,35.811],[78.581,35.808],[78.578,35.793],[78.57,35.789],[78.561,35.792],[78.551,35.784],[78.535,35.775],[78.521,35.764],[78.514,35.771],[78.506,35.773],[78.465,35.774],[78.436,35.784],[78.423,35.785],[78.416,35.779],[78.413,35.766],[78.4,35.756],[78.398,35.746],[78.391,35.738],[78.379,35.733],[78.357,35.727],[78.339,35.721],[78.303,35.721],[78.289,35.726],[78.273,35.722],[78.267,35.711],[78.271,35.703],[78.269,35.697],[78.271,35.688],[78.268,35.678],[78.272,35.669],[78.257,35.655],[78.255,35.646],[78.236,35.649],[78.214,35.66],[78.207,35.667],[78.198,35.666],[78.2,35.654],[78.191,35.637],[78.186,35.624],[78.179,35.622],[78.164,35.631],[78.162,35.626],[78.166,35.613],[78.159,35.594],[78.152,35.578],[78.152,35.571],[78.157,35.552],[78.147,35.55],[78.144,35.542],[78.137,35.539],[78.125,35.542],[78.111,35.552],[78.101,35.551],[78.093,35.556],[78.078,35.549],[78.068,35.563],[78.046,35.585],[78.042,35.587],[78.024,35.588],[78.004,35.583],[77.991,35.582],[77.985,35.584],[77.979,35.592],[77.965,35.604],[77.952,35.607],[77.966,35.588],[77.967,35.575],[77.961,35.56],[77.938,35.532],[77.931,35.517],[77.934,35.512],[77.945,35.506],[77.96,35.501],[77.965,35.496],[77.965,35.479],[77.969,35.474],[77.981,35.468],[77.986,35.46],[77.983,35.456],[77.972,35.458],[77.956,35.47],[77.947,35.478],[77.933,35.489],[77.921,35.494],[77.906,35.469],[77.901,35.468],[77.89,35.478],[77.887,35.485],[77.88,35.486],[77.869,35.48],[77.861,35.484],[77.855,35.493],[77.84,35.5],[77.826,35.51],[77.816,35.513],[77.808,35.511],[77.793,35.498],[77.778,35.495],[77.765,35.498],[77.758,35.502],[77.737,35.523],[77.729,35.524],[77.724,35.515],[77.723,35.499],[77.726,35.485],[77.725,35.477],[77.715,35.475],[77.695,35.478],[77.684,35.477],[77.68,35.471],[77.666,35.473],[77.651,35.487],[77.643,35.488],[77.639,35.482],[77.624,35.472],[77.614,35.47],[77.603,35.475],[77.591,35.476],[77.582,35.475],[77.572,35.483],[77.561,35.486],[77.55,35.482],[77.53,35.483],[77.517,35.489],[77.492,35.483],[77.465,35.472],[77.451,35.463],[77.44,35.462],[77.43,35.464],[77.415,35.473],[77.394,35.474],[77.378,35.478],[77.367,35.493],[77.361,35.495],[77.349,35.494],[77.344,35.51],[77.332,35.525],[77.321,35.533],[77.322,35.537],[77.345,35.547],[77.359,35.55],[77.378,35.55],[77.392,35.546],[77.407,35.53],[77.425,35.524],[77.431,35.519],[77.44,35.518],[77.447,35.525],[77.462,35.525],[77.472,35.521],[77.484,35.528],[77.484,35.536],[77.469,35.542],[77.461,35.548],[77.461,35.563],[77.466,35.573],[77.465,35.58],[77.457,35.594],[77.439,35.602],[77.427,35.611],[77.437,35.622],[77.434,35.63],[77.438,35.641],[77.427,35.659],[77.422,35.662],[77.404,35.661],[77.397,35.67],[77.393,35.679],[77.383,35.693],[77.371,35.695],[77.369,35.704],[77.358,35.718],[77.328,35.719],[77.317,35.7],[77.311,35.7],[77.299,35.708],[77.285,35.711],[77.278,35.72],[77.268,35.709],[77.225,35.715],[77.222,35.727],[77.203,35.728],[77.194,35.733],[77.175,35.732],[77.167,35.735],[77.163,35.741],[77.166,35.759],[77.164,35.767],[77.155,35.766],[77.142,35.771],[77.136,35.782],[77.128,35.782],[77.123,35.787],[77.12,35.796],[77.106,35.799],[77.1,35.796],[77.082,35.798],[77.061,35.785],[77.033,35.776],[77.021,35.775],[77.004,35.775],[76.968,35.783],[76.935,35.784],[76.929,35.787],[76.91,35.791],[76.895,35.8],[76.876,35.815],[76.865,35.826],[76.853,35.833],[76.831,35.836],[76.812,35.845],[76.804,35.85],[76.794,35.863],[76.786,35.89],[76.779,35.899],[76.753,35.921],[76.735,35.943],[76.723,35.953],[76.729,35.963],[76.742,35.971],[76.754,35.983],[76.754,35.99],[76.768,36.008],[76.783,36.016],[76.805,36.017],[76.809,36.02],[76.801,36.033],[76.801,36.049],[76.786,36.053],[76.76,36.065],[76.745,36.07],[76.74,36.074],[76.726,36.078],[76.717,36.087],[76.707,36.114],[76.706,36.125],[76.697,36.136],[76.681,36.146],[76.665,36.158],[76.648,36.175],[76.644,36.184],[76.637,36.185],[76.619,36.176],[76.601,36.166],[76.581,36.168],[76.563,36.173],[76.554,36.185],[76.545,36.193],[76.519,36.199],[76.505,36.207],[76.482,36.211],[76.465,36.233],[76.456,36.241],[76.432,36.252],[76.45,36.269],[76.446,36.278],[76.437,36.288],[76.432,36.308],[76.412,36.315],[76.401,36.322],[76.38,36.34],[76.352,36.36],[76.344,36.363],[76.324,36.362],[76.297,36.35],[76.269,36.347],[76.255,36.348],[76.239,36.356],[76.215,36.376],[76.199,36.387],[76.181,36.387],[76.173,36.39],[76.155,36.406],[76.125,36.437],[76.107,36.451],[76.095,36.462],[76.077,36.474],[76.069,36.478],[76.043,36.482],[76.026,36.486],[76.002,36.487],[75.997,36.484],[75.977,36.489],[75.965,36.49],[75.932,36.501],[75.923,36.502],[75.878,36.526],[75.867,36.534],[75.849,36.544],[75.824,36.549],[75.806,36.554],[75.769,36.573],[75.748,36.588],[75.733,36.607],[75.72,36.631],[75.702,36.657],[75.691,36.672],[75.675,36.696],[75.652,36.722],[75.642,36.73],[75.639,36.736],[75.625,36.748],[75.616,36.762],[75.593,36.765],[75.571,36.776],[75.528,36.788],[75.509,36.794],[75.488,36.804],[75.479,36.807],[75.463,36.825],[75.453,36.855],[75.452,36.867],[75.448,36.88],[75.44,36.891],[75.43,36.891],[75.422,36.887],[75.414,36.892],[75.415,36.903],[75.409,36.917],[75.426,36.936],[75.428,36.952],[75.423,36.961],[75.414,36.968],[75.401,36.968],[75.387,36.959],[75.374,36.961],[75.355,36.978],[75.348,36.99],[75.345,37.003],[75.344,37.033],[75.345,37.051],[75.333,37.055],[75.294,37.052],[75.279,37.047],[75.265,37.052],[75.249,37.047],[75.226,37.037],[75.209,37.037],[75.202,37.021],[75.193,37.014],[75.181,37.001],[75.173,36.986],[75.151,36.967],[75.136,36.957],[75.115,36.949],[75.096,36.943],[75.087,36.943],[75.063,36.96],[75.049,36.964],[75.043,36.969],[75.019,36.976],[75.015,36.968],[75.009,36.964],[74.991,36.963],[74.977,36.953],[74.961,36.946],[74.941,36.935],[74.933,36.925],[74.928,36.909],[74.922,36.906],[74.914,36.909],[74.905,36.921],[74.888,36.946],[74.867,36.967],[74.862,36.976],[74.846,36.99],[74.841,36.999],[74.842,37.017],[74.834,37.025],[74.819,37.023],[74.8,37.024],[74.793,37.028],[74.779,37.03],[74.763,37.025],[74.76,37.015],[74.753,37.012],[74.74,37.016],[74.728,37.026],[74.719,37.05],[74.718,37.063],[74.715,37.072],[74.709,37.078],[74.694,37.078],[74.685,37.075],[74.667,37.061],[74.659,37.058],[74.642,37.056],[74.606,37.051],[74.582,37.043],[74.581,37.039],[74.589,37.029],[74.583,36.986],[74.583,36.978],[74.579,36.963],[74.579,36.949],[74.56,36.951],[74.554,36.954],[74.546,36.966],[74.543,36.976],[74.534,36.986],[74.52,36.989],[74.495,36.989],[74.477,36.992],[74.45,36.992],[74.429,36.99],[74.427,36.982],[74.419,36.975],[74.406,36.97],[74.393,36.969],[74.377,36.963],[74.365,36.957],[74.351,36.943],[74.334,36.93],[74.313,36.916],[74.283,36.903],[74.261,36.887],[74.248,36.887],[74.225,36.897],[74.205,36.901],[74.174,36.904],[74.166,36.9],[74.159,36.892],[74.154,36.882],[74.146,36.847],[74.143,36.84],[74.128,36.833],[74.121,36.832],[74.109,36.837],[74.093,36.839],[74.061,36.809],[74.052,36.807],[74.026,36.826],[74.011,36.828],[74,36.824],[73.971,36.84],[73.958,36.857],[73.938,36.874],[73.923,36.878],[73.913,36.871],[73.903,36.876],[73.893,36.887],[73.879,36.894],[73.857,36.899],[73.842,36.898],[73.836,36.887],[73.818,36.886],[73.81,36.896],[73.799,36.894],[73.79,36.895],[73.784,36.9],[73.768,36.905],[73.76,36.904],[73.749,36.897],[73.729,36.904],[73.711,36.913],[73.701,36.914],[73.69,36.912],[73.686,36.906],[73.681,36.886],[73.688,36.878],[73.703,36.87],[73.719,36.857],[73.727,36.833],[73.744,36.833],[73.755,36.827],[73.763,36.825],[73.771,36.818],[73.786,36.814],[73.803,36.816],[73.809,36.813],[73.815,36.798],[73.821,36.793],[73.834,36.788],[73.849,36.79],[73.864,36.788],[73.878,36.771],[73.9,36.75],[73.905,36.736],[73.905,36.726],[73.897,36.716],[73.901,36.707],[73.898,36.703],[73.884,36.699],[73.866,36.7],[73.827,36.714],[73.809,36.717],[73.8,36.713],[73.791,36.705],[73.783,36.702],[73.769,36.704],[73.748,36.71],[73.725,36.71],[73.719,36.704],[73.71,36.691],[73.701,36.685],[73.691,36.686],[73.684,36.69],[73.664,36.692],[73.655,36.696],[73.639,36.69],[73.619,36.694],[73.607,36.699],[73.606,36.716],[73.6,36.72],[73.592,36.72],[73.579,36.713],[73.56,36.716],[73.544,36.709],[73.538,36.712],[73.53,36.721],[73.511,36.715],[73.494,36.728],[73.483,36.734],[73.472,36.731],[73.463,36.732],[73.45,36.737],[73.445,36.743],[73.436,36.745],[73.415,36.735],[73.39,36.732],[73.378,36.736],[73.369,36.733],[73.365,36.72],[73.361,36.715],[73.33,36.715],[73.315,36.706],[73.294,36.709],[73.278,36.708],[73.253,36.709],[73.248,36.703],[73.234,36.7],[73.215,36.7],[73.21,36.702],[73.207,36.711],[73.194,36.721],[73.172,36.708],[73.163,36.707],[73.145,36.7],[73.131,36.688],[73.121,36.686],[73.105,36.687],[73.097,36.69],[73.085,36.7],[73.085,36.682],[73.094,36.667],[73.091,36.643],[73.092,36.635],[73.098,36.625],[73.109,36.616],[73.112,36.61],[73.093,36.587],[73.091,36.572],[73.085,36.566],[73.074,36.562],[73.067,36.544],[73.062,36.538],[73.045,36.534],[73.022,36.525],[73.007,36.516],[72.995,36.513],[72.999,36.507],[72.993,36.497],[72.99,36.48],[73.002,36.48],[73.004,36.476],[72.992,36.458],[72.977,36.465],[72.959,36.467],[72.946,36.459],[72.932,36.459],[72.922,36.463],[72.914,36.456],[72.9,36.449],[72.882,36.443],[72.877,36.438],[72.888,36.43],[72.89,36.425],[72.887,36.415],[72.89,36.398],[72.883,36.387],[72.87,36.379],[72.865,36.373],[72.852,36.373],[72.837,36.366],[72.823,36.354],[72.816,36.338],[72.799,36.33],[72.779,36.31],[72.761,36.308],[72.75,36.305],[72.736,36.296],[72.724,36.284],[72.703,36.28],[72.692,36.276],[72.689,36.267],[72.696,36.254],[72.692,36.25],[72.68,36.264],[72.664,36.264],[72.635,36.277],[72.615,36.272],[72.597,36.264],[72.588,36.251],[72.585,36.231],[72.572,36.219],[72.564,36.217],[72.559,36.205],[72.561,36.199],[72.552,36.181],[72.564,36.17],[72.568,36.158],[72.574,36.151],[72.566,36.143],[72.553,36.137],[72.545,36.123],[72.537,36.115],[72.534,36.103],[72.535,36.089],[72.532,36.072],[72.538,36.066],[72.544,36.065],[72.55,36.057],[72.568,36.055],[72.586,36.05],[72.593,36.041],[72.596,36.027],[72.584,36.02],[72.582,36.008],[72.573,35.996],[72.568,35.994],[72.556,35.997],[72.554,35.99],[72.555,35.98],[72.549,35.963],[72.539,35.96],[72.531,35.953],[72.529,35.941],[72.53,35.927],[72.534,35.917],[72.57,35.906],[72.595,35.876],[72.603,35.87],[72.62,35.871],[72.634,35.866],[72.646,35.866],[72.66,35.849],[72.691,35.833],[72.701,35.836],[72.723,35.854],[72.738,35.859],[72.75,35.856],[72.767,35.845],[72.777,35.844],[72.784,35.85],[72.798,35.856],[72.799,35.867],[72.815,35.87],[72.825,35.875],[72.83,35.887],[72.846,35.88],[72.858,35.878],[72.902,35.882],[72.905,35.865],[72.904,35.855],[72.91,35.849],[72.929,35.846],[72.958,35.848],[72.988,35.861],[73.005,35.864],[73.014,35.855],[73.038,35.855],[73.056,35.864],[73.068,35.875],[73.073,35.883],[73.079,35.886],[73.1,35.878],[73.12,35.859],[73.134,35.849],[73.153,35.843],[73.154,35.838],[73.147,35.829],[73.145,35.811],[73.138,35.801],[73.135,35.785],[73.137,35.768],[73.133,35.738],[73.134,35.726],[73.139,35.719],[73.154,35.709],[73.186,35.687],[73.207,35.677],[73.216,35.675],[73.245,35.65],[73.273,35.63],[73.314,35.616],[73.333,35.611],[73.343,35.611],[73.37,35.604],[73.39,35.582],[73.403,35.566],[73.407,35.564],[73.422,35.57],[73.449,35.571],[73.482,35.577],[73.492,35.573],[73.502,35.566],[73.515,35.566],[73.524,35.571],[73.532,35.571],[73.55,35.563],[73.558,35.556],[73.571,35.555],[73.607,35.561],[73.619,35.565],[73.625,35.571],[73.639,35.571],[73.656,35.558],[73.673,35.551],[73.698,35.55],[73.721,35.553],[73.726,35.552],[73.735,35.537],[73.764,35.528],[73.786,35.524],[73.788,35.516],[73.787,35.499],[73.791,35.477],[73.796,35.462],[73.791,35.456],[73.755,35.442],[73.739,35.428],[73.725,35.404],[73.714,35.391],[73.71,35.383],[73.7,35.358],[73.7,35.323],[73.707,35.312],[73.717,35.292],[73.727,35.278],[73.719,35.253],[73.715,35.228],[73.726,35.219],[73.732,35.217],[73.745,35.222],[73.762,35.231],[73.778,35.244],[73.796,35.246],[73.812,35.242],[73.847,35.23],[73.858,35.216],[73.865,35.211],[73.881,35.21],[73.888,35.213],[73.917,35.212],[73.933,35.203],[73.95,35.186],[73.956,35.177],[73.964,35.174],[73.981,35.182],[73.992,35.185],[74.003,35.181],[74.009,35.166],[74.021,35.16],[74.033,35.15],[74.045,35.146],[74.063,35.15],[74.074,35.154],[74.088,35.152],[74.096,35.146],[74.102,35.146],[74.11,35.152],[74.117,35.146],[74.111,35.136],[74.111,35.13],[74.126,35.121],[74.134,35.113],[74.13,35.106],[74.116,35.105],[74.095,35.097],[74.084,35.079],[74.079,35.068],[74.074,35.063],[74.066,35.049],[74.08,35.041],[74.098,35.034],[74.108,35.022],[74.104,35.015],[74.091,35.006],[74.082,35.004],[74.077,34.999],[74.065,34.999],[74.06,34.992],[74.067,34.983],[74.064,34.969],[74.068,34.955],[74.074,34.941],[74.066,34.93],[74.044,34.922],[74.04,34.915],[74.039,34.893],[74.03,34.878],[74.017,34.876],[73.999,34.869],[73.973,34.864],[73.966,34.845],[73.955,34.835],[73.936,34.834],[73.928,34.821],[73.918,34.814],[73.897,34.822],[73.885,34.817],[73.875,34.818],[73.867,34.811],[73.854,34.817],[73.844,34.816],[73.833,34.804],[73.821,34.796],[73.811,34.795],[73.799,34.798],[73.786,34.794],[73.774,34.797],[73.75,34.787],[73.738,34.774],[73.731,34.771],[73.723,34.758],[73.707,34.725],[73.692,34.717],[73.686,34.71],[73.681,34.696],[73.67,34.69],[73.664,34.671],[73.667,34.666],[73.694,34.658],[73.696,34.654],[73.69,34.644],[73.66,34.61],[73.658,34.599],[73.661,34.589],[73.658,34.578],[73.651,34.568],[73.639,34.566],[73.629,34.575],[73.619,34.586],[73.593,34.59],[73.58,34.588],[73.554,34.593],[73.536,34.578],[73.523,34.575],[73.511,34.576],[73.501,34.581],[73.483,34.575],[73.469,34.574],[73.46,34.578],[73.448,34.574],[73.443,34.565],[73.441,34.538],[73.431,34.526],[73.43,34.519],[73.437,34.504],[73.434,34.491],[73.422,34.471],[73.425,34.442],[73.42,34.418],[73.412,34.4],[73.409,34.386],[73.394,34.381],[73.391,34.375],[73.397,34.369],[73.4,34.359],[73.408,34.355],[73.426,34.349],[73.424,34.34],[73.439,34.328],[73.444,34.309],[73.454,34.296],[73.454,34.278],[73.462,34.282],[73.468,34.296],[73.476,34.295],[73.479,34.283],[73.47,34.264],[73.47,34.252],[73.478,34.235],[73.49,34.227],[73.493,34.22],[73.489,34.205],[73.489,34.176],[73.492,34.157],[73.489,34.145],[73.495,34.134],[73.493,34.12],[73.499,34.108],[73.496,34.093],[73.499,34.081],[73.504,34.076],[73.509,34.052],[73.508,34.042],[73.514,34.027],[73.515,34.007],[73.522,33.985],[73.528,33.974],[73.537,33.952],[73.55,33.932],[73.575,33.912],[73.579,33.911],[73.586,33.899],[73.59,33.884],[73.586,33.877],[73.586,33.865],[73.579,33.852],[73.573,33.846],[73.571,33.828],[73.568,33.824],[73.561,33.802],[73.558,33.784],[73.566,33.769],[73.591,33.754],[73.594,33.737],[73.597,33.728],[73.598,33.716],[73.592,33.7],[73.575,33.687],[73.563,33.676],[73.562,33.664],[73.568,33.648],[73.568,33.637],[73.561,33.621],[73.564,33.617],[73.573,33.618],[73.583,33.612],[73.588,33.605],[73.605,33.605],[73.601,33.593],[73.62,33.578],[73.622,33.571],[73.618,33.546],[73.631,33.538],[73.632,33.529],[73.625,33.529],[73.606,33.515],[73.61,33.501],[73.6,33.505],[73.596,33.493],[73.6,33.488],[73.602,33.478],[73.614,33.479],[73.615,33.472],[73.624,33.466],[73.625,33.458],[73.618,33.452],[73.612,33.452],[73.598,33.444],[73.59,33.444],[73.584,33.427],[73.591,33.426],[73.582,33.415],[73.573,33.407],[73.568,33.398],[73.559,33.368],[73.571,33.356],[73.566,33.343],[73.574,33.335],[73.587,33.341],[73.591,33.335],[73.583,33.329],[73.588,33.317],[73.59,33.305],[73.603,33.297],[73.598,33.283],[73.599,33.272],[73.605,33.261],[73.606,33.252],[73.625,33.237],[73.625,33.223],[73.634,33.217],[73.636,33.226],[73.642,33.226],[73.645,33.217],[73.653,33.213],[73.658,33.205],[73.656,33.195],[73.659,33.185],[73.656,33.178],[73.656,33.169],[73.648,33.164],[73.639,33.144],[73.628,33.142],[73.625,33.135],[73.63,33.128],[73.626,33.112],[73.625,33.1],[73.628,33.09],[73.632,33.087],[73.644,33.088],[73.658,33.085],[73.672,33.089],[73.689,33.088],[73.703,33.082],[73.725,33.07],[73.735,33.067],[73.74,33.055],[73.74,33.044],[73.749,33.033],[73.756,33.029],[73.771,33.014],[73.781,33.008],[73.79,32.994],[73.78,32.975],[73.786,32.966],[73.792,32.965],[73.806,32.971],[73.816,32.984],[73.818,33],[73.823,33.006],[73.841,33.008],[73.866,33.003],[73.893,33.003],[73.916,32.994],[73.926,32.986],[73.934,32.985],[73.942,32.988],[73.958,32.987],[73.969,32.969],[73.997,32.96],[73.996,32.948],[73.988,32.936],[74.014,32.93],[74.033,32.93],[74.041,32.932],[74.052,32.931],[74.053,32.916],[74.055,32.912],[74.07,32.906],[74.082,32.906],[74.098,32.902],[74.113,32.895],[74.122,32.896],[74.144,32.89],[74.152,32.89],[74.164,32.884],[74.178,32.883],[74.187,32.873],[74.202,32.871],[74.206,32.862],[74.213,32.859],[74.217,32.845],[74.244,32.842],[74.255,32.838],[74.265,32.83],[74.284,32.83],[74.3,32.824],[74.305,32.815],[74.302,32.805],[74.312,32.791],[74.319,32.792],[74.325,32.781],[74.34,32.774],[74.355,32.763],[74.371,32.759],[74.384,32.758],[74.388,32.769],[74.397,32.766],[74.403,32.78],[74.416,32.784],[74.434,32.78],[74.444,32.78],[74.455,32.784],[74.461,32.773],[74.472,32.772],[74.483,32.762],[74.501,32.76],[74.508,32.751],[74.507,32.744],[74.527,32.74],[74.537,32.745],[74.544,32.743],[74.554,32.756],[74.563,32.757],[74.571,32.752],[74.572,32.746],[74.588,32.746],[74.594,32.752],[74.606,32.751],[74.617,32.755],[74.628,32.747],[74.635,32.751],[74.629,32.766],[74.634,32.777],[74.65,32.777],[74.65,32.787],[74.641,32.791],[74.632,32.802],[74.635,32.812],[74.649,32.825],[74.657,32.827],[74.664,32.822],[74.677,32.829],[74.701,32.835],[74.704,32.829],[74.7,32.811],[74.682,32.782],[74.674,32.761],[74.671,32.747],[74.664,32.738],[74.658,32.723],[74.659,32.718],[74.65,32.698],[74.662,32.673],[74.667,32.669],[74.679,32.668],[74.693,32.655],[74.683,32.645],[74.67,32.641],[74.664,32.63],[74.651,32.628],[74.649,32.613],[74.637,32.611],[74.635,32.603],[74.638,32.595],[74.65,32.591],[74.648,32.571],[74.652,32.559],[74.668,32.559],[74.67,32.553],[74.66,32.541],[74.663,32.536],[74.678,32.529],[74.688,32.526],[74.688,32.517],[74.681,32.512],[74.68,32.504],[74.683,32.495],[74.681,32.486],[74.69,32.481],[74.699,32.486],[74.709,32.482],[74.711,32.473],[74.716,32.471],[74.735,32.474],[74.752,32.47],[74.759,32.474],[74.768,32.475],[74.784,32.47],[74.796,32.469],[74.799,32.475],[74.807,32.475],[74.814,32.479],[74.816,32.488],[74.838,32.486],[74.847,32.482],[74.86,32.484],[74.864,32.481],[74.879,32.48],[74.877,32.474],[74.896,32.461],[74.903,32.461],[74.911,32.465],[74.914,32.46],[74.936,32.463],[74.947,32.443],[74.954,32.441],[74.963,32.45],[74.979,32.447],[74.992,32.447],[75.005,32.452],[75.018,32.466],[75.018,32.474],[75.022,32.484],[75.033,32.493],[75.042,32.484],[75.049,32.482],[75.055,32.476],[75.074,32.474],[75.09,32.464],[75.102,32.474],[75.11,32.47],[75.113,32.454],[75.12,32.451],[75.122,32.44],[75.127,32.431],[75.137,32.425],[75.129,32.421],[75.13,32.406],[75.139,32.404],[75.152,32.413],[75.174,32.418],[75.19,32.42],[75.199,32.415],[75.201,32.408],[75.194,32.404],[75.192,32.399],[75.197,32.393],[75.205,32.391],[75.213,32.395],[75.22,32.393],[75.224,32.387],[75.231,32.387],[75.24,32.38],[75.249,32.385],[75.257,32.382],[75.259,32.365],[75.273,32.367],[75.285,32.367],[75.292,32.359],[75.289,32.352],[75.303,32.344],[75.305,32.338],[75.318,32.334],[75.325,32.341],[75.34,32.342],[75.333,32.328],[75.341,32.321],[75.327,32.3],[75.328,32.296],[75.352,32.287],[75.349,32.278],[75.358,32.276],[75.371,32.279],[75.382,32.269],[75.374,32.259],[75.373,32.246],[75.379,32.239],[75.374,32.227],[75.361,32.219],[75.348,32.22],[75.333,32.219],[75.314,32.196],[75.32,32.192],[75.322,32.175],[75.31,32.17],[75.303,32.153],[75.291,32.15],[75.283,32.143],[75.281,32.136],[75.287,32.132],[75.283,32.119],[75.277,32.116],[75.262,32.103],[75.254,32.102],[75.24,32.091],[75.235,32.093],[75.234,32.102],[75.224,32.104],[75.22,32.116],[75.208,32.115],[75.208,32.101],[75.2,32.096],[75.2,32.084],[75.186,32.08],[75.179,32.069],[75.173,32.069],[75.166,32.081],[75.159,32.084],[75.144,32.081],[75.135,32.084],[75.123,32.076],[75.113,32.072],[75.107,32.06],[75.1,32.064],[75.083,32.059],[75.072,32.063],[75.062,32.053],[75.05,32.049],[75.044,32.044],[75.039,32.05],[75.024,32.046],[75.013,32.035],[75.008,32.044],[74.988,32.043],[74.978,32.044],[74.981,32.052],[74.966,32.057],[74.954,32.063],[74.94,32.067],[74.921,32.064],[74.914,32.052],[74.894,32.053],[74.877,32.047],[74.882,32.033],[74.867,32.023],[74.855,32.022],[74.86,32.015],[74.858,32.01],[74.842,32.007],[74.835,32.002],[74.832,31.995],[74.834,31.978],[74.829,31.973],[74.824,31.958],[74.815,31.963],[74.798,31.957],[74.783,31.953],[74.773,31.948],[74.759,31.951],[74.76,31.943],[74.748,31.938],[74.739,31.945],[74.735,31.94],[74.721,31.937],[74.72,31.931],[74.724,31.922],[74.715,31.918],[74.703,31.924],[74.69,31.923],[74.666,31.912],[74.665,31.9],[74.652,31.899],[74.647,31.892],[74.636,31.883],[74.612,31.885],[74.61,31.867],[74.596,31.857],[74.594,31.845],[74.586,31.844],[74.578,31.834],[74.57,31.831],[74.569,31.824],[74.574,31.817],[74.571,31.81],[74.563,31.801],[74.568,31.792],[74.561,31.786],[74.557,31.778],[74.558,31.767],[74.565,31.759],[74.559,31.752],[74.542,31.752],[74.518,31.741],[74.507,31.742],[74.503,31.731],[74.486,31.722],[74.506,31.704],[74.507,31.699],[74.527,31.69],[74.536,31.681],[74.534,31.665],[74.542,31.657],[74.542,31.649],[74.547,31.645],[74.549,31.636],[74.554,31.63],[74.554,31.618],[74.563,31.609],[74.578,31.607],[74.583,31.59],[74.591,31.585],[74.593,31.579],[74.62,31.567],[74.617,31.535],[74.612,31.529],[74.595,31.526],[74.586,31.521],[74.585,31.507],[74.579,31.502],[74.593,31.497],[74.608,31.502],[74.616,31.496],[74.617,31.491],[74.627,31.487],[74.639,31.488],[74.634,31.479],[74.645,31.472],[74.655,31.463],[74.654,31.457],[74.643,31.448],[74.643,31.444],[74.656,31.43],[74.65,31.425],[74.648,31.416],[74.641,31.418],[74.631,31.43],[74.624,31.424],[74.618,31.425],[74.603,31.423],[74.59,31.398],[74.588,31.384],[74.576,31.375],[74.554,31.367],[74.553,31.357],[74.548,31.347],[74.553,31.339],[74.55,31.333],[74.541,31.332],[74.541,31.322],[74.53,31.316],[74.532,31.31],[74.542,31.309],[74.543,31.3],[74.537,31.296],[74.529,31.279],[74.524,31.274],[74.535,31.249],[74.526,31.238],[74.523,31.224],[74.527,31.211],[74.52,31.199],[74.521,31.187],[74.513,31.181],[74.517,31.169],[74.516,31.16],[74.518,31.137],[74.535,31.131],[74.539,31.123],[74.548,31.126],[74.557,31.118],[74.556,31.106],[74.558,31.089],[74.578,31.085],[74.583,31.089],[74.6,31.094],[74.609,31.092],[74.612,31.112],[74.609,31.123],[74.604,31.128],[74.607,31.136],[74.619,31.134],[74.627,31.137],[74.639,31.136],[74.637,31.123],[74.643,31.122],[74.652,31.131],[74.665,31.136],[74.676,31.127],[74.681,31.131],[74.691,31.13],[74.694,31.121],[74.703,31.116],[74.703,31.105],[74.707,31.096],[74.696,31.087],[74.695,31.073],[74.684,31.062],[74.668,31.055],[74.646,31.054],[74.635,31.048],[74.615,31.045],[74.606,31.041],[74.6,31.044],[74.597,31.055],[74.583,31.058],[74.566,31.054],[74.565,31.046],[74.55,31.033],[74.548,31.018],[74.544,31.01],[74.55,30.998],[74.544,30.991],[74.535,30.99],[74.516,30.979],[74.507,30.966],[74.498,30.975],[74.493,30.977],[74.48,30.976],[74.46,30.97],[74.469,30.962],[74.461,30.959],[74.46,30.953],[74.448,30.954],[74.441,30.948],[74.428,30.945],[74.421,30.936],[74.428,30.932],[74.428,30.918],[74.426,30.912],[74.408,30.912],[74.39,30.9],[74.372,30.895],[74.369,30.882],[74.364,30.879],[74.373,30.87],[74.386,30.865],[74.382,30.861],[74.371,30.86],[74.368,30.852],[74.359,30.85],[74.357,30.855],[74.343,30.854],[74.327,30.849],[74.323,30.842],[74.319,30.822],[74.306,30.811],[74.305,30.804],[74.298,30.797],[74.307,30.794],[74.31,30.787],[74.302,30.78],[74.29,30.777],[74.283,30.773],[74.272,30.777],[74.264,30.772],[74.266,30.766],[74.276,30.758],[74.278,30.748],[74.288,30.74],[74.287,30.735],[74.273,30.733],[74.268,30.726],[74.258,30.724],[74.249,30.726],[74.241,30.723],[74.233,30.723],[74.227,30.709],[74.223,30.706],[74.221,30.692],[74.211,30.684],[74.199,30.669],[74.186,30.664],[74.176,30.651],[74.154,30.637],[74.151,30.633],[74.141,30.629],[74.129,30.634],[74.128,30.626],[74.122,30.618],[74.121,30.609],[74.115,30.608],[74.109,30.617],[74.102,30.614],[74.105,30.608],[74.103,30.6],[74.104,30.583],[74.102,30.574],[74.078,30.556],[74.083,30.551],[74.093,30.552],[74.091,30.542],[74.082,30.531],[74.068,30.521],[74.056,30.522],[74.051,30.54],[74.046,30.54],[74.036,30.531],[74.016,30.533],[74.011,30.527],[74.016,30.512],[74.004,30.515],[73.989,30.51],[73.985,30.501],[73.971,30.489],[73.971,30.475],[73.967,30.463],[73.959,30.459],[73.95,30.462],[73.951,30.48],[73.941,30.492],[73.935,30.489],[73.935,30.467],[73.94,30.456],[73.935,30.438],[73.959,30.44],[73.969,30.443],[73.972,30.434],[73.967,30.424],[73.954,30.415],[73.939,30.402],[73.929,30.398],[73.919,30.386],[73.908,30.378],[73.894,30.371],[73.885,30.363],[73.907,30.351],[73.928,30.325],[73.935,30.312],[73.944,30.305],[73.957,30.276],[73.968,30.263],[73.974,30.233],[73.976,30.196],[73.967,30.187],[73.933,30.169],[73.905,30.151],[73.893,30.14],[73.882,30.134],[73.847,30.11],[73.815,30.084],[73.803,30.071],[73.796,30.068],[73.763,30.058],[73.718,30.049],[73.687,30.041],[73.662,30.033],[73.62,30.025],[73.57,30.008],[73.549,29.998],[73.527,29.992],[73.509,29.984],[73.484,29.977],[73.408,29.946],[73.4,29.941],[73.394,29.929],[73.374,29.856],[73.367,29.839],[73.362,29.82],[73.354,29.795],[73.348,29.772],[73.333,29.73],[73.324,29.697],[73.32,29.689],[73.305,29.636],[73.293,29.607],[73.282,29.569],[73.271,29.546],[73.245,29.509],[73.24,29.496],[73.229,29.482],[73.209,29.445],[73.198,29.431],[73.178,29.392],[73.154,29.353],[73.144,29.332],[73.122,29.298],[73.116,29.286],[73.108,29.275],[73.099,29.257],[73.085,29.236],[73.061,29.21],[73.042,29.191],[73.022,29.167],[72.999,29.143],[72.992,29.121],[72.982,29.102],[72.959,29.056],[72.949,29.033],[72.945,29.028],[72.934,29.023],[72.905,29.013],[72.893,29.007],[72.867,29],[72.849,28.991],[72.747,28.952],[72.716,28.939],[72.68,28.92],[72.656,28.907],[72.593,28.87],[72.556,28.853],[72.524,28.833],[72.489,28.815],[72.451,28.798],[72.435,28.793],[72.407,28.783],[72.389,28.769],[72.382,28.761],[72.35,28.725],[72.348,28.721],[72.312,28.686],[72.302,28.673],[72.294,28.655],[72.287,28.625],[72.27,28.58],[72.264,28.555],[72.257,28.541],[72.245,28.508],[72.236,28.484],[72.22,28.434],[72.205,28.39],[72.191,28.374],[72.169,28.355],[72.165,28.349],[72.129,28.309],[72.111,28.295],[72.093,28.284],[72.069,28.266],[72.047,28.249],[72.021,28.232],[71.999,28.214],[71.968,28.171],[71.944,28.146],[71.932,28.128],[71.924,28.097],[71.922,28.081],[71.914,28.054],[71.913,28.032],[71.907,28.003],[71.903,27.975],[71.899,27.963],[71.86,27.947],[71.767,27.916],[71.699,27.889],[71.665,27.879],[71.659,27.876],[71.605,27.875],[71.587,27.877],[71.549,27.873],[71.531,27.872],[71.448,27.874],[71.419,27.872],[71.41,27.873],[71.381,27.87],[71.273,27.85],[71.23,27.837],[71.208,27.833],[71.183,27.823],[71.173,27.821],[71.086,27.786],[71.069,27.777],[71.033,27.766],[70.983,27.744],[70.96,27.732],[70.95,27.729],[70.905,27.71],[70.883,27.708],[70.856,27.712],[70.817,27.714],[70.768,27.725],[70.738,27.752],[70.721,27.783],[70.699,27.811],[70.687,27.828],[70.684,27.842],[70.68,27.87],[70.681,27.891],[70.677,27.924],[70.668,27.935],[70.619,27.977],[70.615,27.984],[70.603,27.995],[70.592,28.01],[70.569,28.019],[70.548,28.029],[70.537,28.032],[70.497,28.037],[70.476,28.033],[70.442,28.022],[70.392,28.013],[70.374,28.012],[70.355,27.996],[70.31,27.949],[70.294,27.937],[70.273,27.925],[70.253,27.916],[70.225,27.898],[70.197,27.867],[70.154,27.827],[70.135,27.807],[70.121,27.781],[70.113,27.756],[70.101,27.733],[70.096,27.716],[70.082,27.684],[70.075,27.664],[70.059,27.635],[70.056,27.624],[70.05,27.613],[70.04,27.586],[70.032,27.572],[70.025,27.561],[70,27.545],[69.985,27.537],[69.965,27.523],[69.941,27.502],[69.926,27.484],[69.913,27.46],[69.897,27.438],[69.872,27.409],[69.853,27.394],[69.835,27.382],[69.811,27.363],[69.79,27.35],[69.764,27.325],[69.714,27.292],[69.705,27.285],[69.685,27.266],[69.672,27.254],[69.654,27.233],[69.642,27.223],[69.611,27.198],[69.603,27.195],[69.59,27.183],[69.584,27.173],[69.579,27.158],[69.563,27.123],[69.552,27.103],[69.539,27.065],[69.515,27.014],[69.514,27.01],[69.509,26.954],[69.499,26.872],[69.488,26.832],[69.484,26.808],[69.49,26.79],[69.5,26.768],[69.506,26.753],[69.515,26.742],[69.553,26.728],[69.604,26.705],[69.638,26.692],[69.67,26.677],[69.711,26.662],[69.737,26.646],[69.776,26.614],[69.801,26.599],[69.839,26.589],[69.859,26.586],[69.879,26.581],[69.895,26.581],[69.974,26.588],[70.003,26.592],[70.042,26.599],[70.048,26.601],[70.064,26.6],[70.099,26.595],[70.119,26.587],[70.139,26.573],[70.153,26.568],[70.164,26.56],[70.173,26.551],[70.176,26.538],[70.179,26.506],[70.182,26.496],[70.183,26.484],[70.178,26.44],[70.178,26.426],[70.184,26.375],[70.184,26.361],[70.166,26.301],[70.166,26.287],[70.174,26.257],[70.172,26.231],[70.166,26.214],[70.147,26.17],[70.137,26.154],[70.118,26.129],[70.093,26.098],[70.086,26.088],[70.086,26.062],[70.09,26.02],[70.092,25.993],[70.097,25.948],[70.099,25.935],[70.124,25.902],[70.134,25.885],[70.141,25.877],[70.156,25.855],[70.169,25.83],[70.194,25.816],[70.215,25.799],[70.235,25.777],[70.252,25.753],[70.263,25.719],[70.267,25.714],[70.276,25.709],[70.366,25.678],[70.391,25.674],[70.417,25.679],[70.451,25.683],[70.482,25.685],[70.524,25.685],[70.557,25.695],[70.594,25.712],[70.609,25.715],[70.639,25.715],[70.658,25.706],[70.668,25.689],[70.673,25.669],[70.672,25.628],[70.669,25.597],[70.669,25.544],[70.668,25.532],[70.679,25.527],[70.677,25.52],[70.676,25.498],[70.671,25.456],[70.671,25.425],[70.665,25.398],[70.697,25.368],[70.714,25.353],[70.735,25.329],[70.745,25.304],[70.75,25.283],[70.758,25.273],[70.787,25.247],[70.801,25.231],[70.847,25.189],[70.852,25.183],[70.886,25.151],[70.896,25.102],[70.905,25.052],[70.917,25.002],[70.936,24.941],[70.947,24.921],[70.969,24.896],[70.976,24.884],[70.995,24.859],[71.003,24.842],[71.014,24.828],[71.026,24.805],[71.041,24.767],[71.053,24.745],[71.063,24.718],[71.091,24.689],[71.098,24.687],[71.076,24.667],[71.051,24.653],[71.036,24.645],[71.011,24.637],[71.007,24.629],[71,24.622],[70.991,24.605],[70.989,24.591],[70.993,24.573],[70.988,24.548],[71.005,24.529],[71.004,24.508],[70.997,24.473],[70.997,24.453],[71,24.446],[71.028,24.436],[71.084,24.439],[71.109,24.437],[71.114,24.433],[71.124,24.419],[71.122,24.407],[71.112,24.397],[71.078,24.387],[71.067,24.378],[71.058,24.363],[71.037,24.353],[71.015,24.351],[71.002,24.353],[70.988,24.367],[70.982,24.365],[70.963,24.354],[70.949,24.353],[70.942,24.346],[70.918,24.33],[70.914,24.324],[70.894,24.309],[70.882,24.305],[70.874,24.297],[70.873,24.287],[70.878,24.275],[70.9,24.265],[70.897,24.257],[70.879,24.246],[70.867,24.244],[70.86,24.246],[70.848,24.241],[70.834,24.229],[70.783,24.221],[70.759,24.219],[70.735,24.22],[70.722,24.217],[70.711,24.217],[70.689,24.22],[70.67,24.22],[70.645,24.225],[70.597,24.245],[70.582,24.248],[70.574,24.255],[70.576,24.262],[70.582,24.272],[70.582,24.278],[70.577,24.294],[70.577,24.304],[70.573,24.318],[70.569,24.323],[70.56,24.352],[70.573,24.36],[70.58,24.366],[70.592,24.388],[70.6,24.409],[70.574,24.422],[70.561,24.419],[70.542,24.41],[70.509,24.402],[70.475,24.392],[70.463,24.387],[70.43,24.382],[70.419,24.378],[70.402,24.369],[70.388,24.36],[70.372,24.354],[70.353,24.354],[70.304,24.348],[70.269,24.334],[70.259,24.332],[70.246,24.325],[70.22,24.322],[70.183,24.309],[70.15,24.302],[70.12,24.298],[70.108,24.294],[70.104,24.282],[70.096,24.267],[70.089,24.247],[70.073,24.217],[70.068,24.202],[70.064,24.197],[70.052,24.19],[70.038,24.178],[70.025,24.172],[70.016,24.17],[69.953,24.171],[69.879,24.171],[69.812,24.172],[69.772,24.171],[69.73,24.172],[69.715,24.184],[69.604,24.281],[69.588,24.291],[69.563,24.283],[69.512,24.272],[69.484,24.268],[69.467,24.27],[69.45,24.279],[69.437,24.28],[69.401,24.272],[69.375,24.27],[69.353,24.273],[69.309,24.281],[69.193,24.238],[69.098,24.272],[69.092,24.272],[69.04,24.245],[69.022,24.23],[69.005,24.223],[68.99,24.228],[68.982,24.233],[68.969,24.272],[68.957,24.288],[68.943,24.302],[68.914,24.284],[68.903,24.275],[68.895,24.261],[68.885,24.225],[68.878,24.215],[68.871,24.212],[68.859,24.213],[68.851,24.221],[68.842,24.257],[68.842,24.281],[68.828,24.317],[68.817,24.312],[68.806,24.313],[68.763,24.294],[68.762,24.291],[68.769,24.285],[68.77,24.273],[68.763,24.129],[68.762,24.127],[68.753,23.97],[68.748,23.968],[68.67,23.968],[68.551,23.968],[68.544,23.96],[68.537,23.947],[68.544,23.935],[68.558,23.933],[68.56,23.93],[68.56,23.924],[68.58,23.924],[68.588,23.922],[68.587,23.941],[68.606,23.937],[68.612,23.93],[68.62,23.916],[68.618,23.908],[68.634,23.903],[68.639,23.898],[68.613,23.903],[68.598,23.893],[68.583,23.885],[68.572,23.88],[68.566,23.863],[68.557,23.855],[68.551,23.84],[68.534,23.828],[68.515,23.825],[68.523,23.817],[68.522,23.81],[68.525,23.8],[68.517,23.794],[68.516,23.783],[68.524,23.777],[68.527,23.771],[68.525,23.759],[68.535,23.757],[68.565,23.798],[68.575,23.821],[68.587,23.835],[68.597,23.84],[68.627,23.835],[68.645,23.838],[68.65,23.845],[68.657,23.847],[68.666,23.853],[68.665,23.858],[68.672,23.862],[68.693,23.861],[68.701,23.857],[68.716,23.857],[68.729,23.855],[68.726,23.846],[68.734,23.843],[68.735,23.838],[68.727,23.829],[68.685,23.82],[68.675,23.811],[68.666,23.808],[68.655,23.799],[68.637,23.771],[68.631,23.759],[68.621,23.753],[68.604,23.748],[68.595,23.732],[68.58,23.728],[68.558,23.718],[68.553,23.712],[68.546,23.697],[68.536,23.689],[68.527,23.687],[68.526,23.676],[68.517,23.662],[68.501,23.657],[68.497,23.65],[68.498,23.645],[68.489,23.635],[68.489,23.627],[68.492,23.623],[68.491,23.616],[68.493,23.607],[68.487,23.596],[68.488,23.579],[68.492,23.574],[68.495,23.556],[68.494,23.549],[68.484,23.549],[68.49,23.54],[68.49,23.533],[68.496,23.525],[68.495,23.517],[68.497,23.507],[68.492,23.503],[68.502,23.491],[68.5,23.485],[68.501,23.475],[68.509,23.469],[68.507,23.463],[68.525,23.448],[68.531,23.448],[68.535,23.435],[68.534,23.423],[68.559,23.42],[68.565,23.402],[68.564,23.394],[68.557,23.39],[68.564,23.382],[68.572,23.376],[68.58,23.377],[68.576,23.388],[68.581,23.39],[68.592,23.374],[68.605,23.364],[68.596,23.382],[68.606,23.38],[68.613,23.367],[68.613,23.362],[68.622,23.353],[68.633,23.352],[68.637,23.344],[68.625,23.34],[68.635,23.332],[68.633,23.319],[68.645,23.323],[68.649,23.306],[68.657,23.303],[68.673,23.304],[68.689,23.309],[68.685,23.302],[68.667,23.299],[68.661,23.296],[68.632,23.296],[68.63,23.291],[68.636,23.273],[68.641,23.267],[68.656,23.272],[68.66,23.262],[68.649,23.258],[68.643,23.246],[68.628,23.247],[68.625,23.243],[68.605,23.243],[68.605,23.239],[68.613,23.228],[68.62,23.223],[68.629,23.225],[68.635,23.219],[68.627,23.216],[68.61,23.218],[68.6,23.223],[68.599,23.24],[68.59,23.238],[68.585,23.233],[68.585,23.222],[68.594,23.212],[68.608,23.203],[68.627,23.187],[68.636,23.184],[68.641,23.179],[68.645,23.167],[68.643,23.165],[68.652,23.155],[68.673,23.142],[68.7,23.128],[68.734,23.103],[68.762,23.079],[68.785,23.073],[68.812,23.061],[68.837,23.043],[68.844,23.04],[68.873,23.022],[68.894,23.01],[68.901,23.009],[68.912,22.999],[68.928,22.992],[68.941,22.981],[68.945,22.98],[68.988,22.956],[69.005,22.949],[69.029,22.936],[69.045,22.93],[69.06,22.919],[69.098,22.897],[69.114,22.887],[69.132,22.873],[69.161,22.86],[69.18,22.847],[69.197,22.838],[69.223,22.836],[69.247,22.83],[69.259,22.828],[69.267,22.824],[69.284,22.827],[69.301,22.832],[69.319,22.832],[69.334,22.828],[69.347,22.82],[69.358,22.823],[69.385,22.814],[69.389,22.814],[69.409,22.805],[69.425,22.795],[69.439,22.783],[69.446,22.778],[69.46,22.779],[69.474,22.773],[69.482,22.777],[69.493,22.778],[69.486,22.787],[69.501,22.788],[69.514,22.785],[69.533,22.786],[69.548,22.779],[69.553,22.786],[69.563,22.774],[69.58,22.762],[69.596,22.76],[69.601,22.758],[69.616,22.757],[69.617,22.768],[69.63,22.763],[69.641,22.767],[69.657,22.757],[69.673,22.757],[69.695,22.742],[69.711,22.738],[69.716,22.741],[69.715,22.752],[69.72,22.76],[69.731,22.773],[69.747,22.794],[69.745,22.803],[69.753,22.82],[69.758,22.824],[69.776,22.83],[69.788,22.839],[69.802,22.851],[69.812,22.85],[69.838,22.863],[69.866,22.873],[69.877,22.872],[69.89,22.867],[69.902,22.865],[69.918,22.873],[69.934,22.885],[69.937,22.893],[69.951,22.893],[69.99,22.9],[70.024,22.902],[70.031,22.896],[70.048,22.899],[70.055,22.904],[70.069,22.904],[70.082,22.909],[70.098,22.908],[70.106,22.909],[70.122,22.92],[70.132,22.925],[70.139,22.933],[70.139,22.941],[70.135,22.943],[70.12,22.945],[70.123,22.951],[70.11,22.962],[70.113,22.973],[70.123,22.982],[70.125,22.993],[70.134,22.985],[70.12,22.967],[70.123,22.961],[70.132,22.961],[70.142,22.952],[70.158,22.946],[70.162,22.943],[70.176,22.951],[70.195,22.95],[70.209,22.952],[70.225,22.96],[70.23,22.97],[70.229,22.977],[70.235,22.98],[70.252,22.973],[70.268,22.956],[70.287,22.945],[70.293,22.945],[70.305,22.951],[70.307,22.945],[70.322,22.937],[70.345,22.93],[70.363,22.935],[70.384,22.945],[70.393,22.963],[70.395,22.995],[70.392,22.998],[70.397,23.026],[70.411,23.038],[70.429,23.057],[70.443,23.065],[70.463,23.067],[70.479,23.071],[70.485,23.077],[70.493,23.075],[70.491,23.063],[70.472,23.012],[70.456,22.987],[70.443,22.975],[70.435,22.962],[70.432,22.96],[70.423,22.933],[70.407,22.918],[70.388,22.909],[70.377,22.9],[70.356,22.871],[70.338,22.839],[70.339,22.83],[70.327,22.814],[70.325,22.807],[70.318,22.805],[70.318,22.799],[70.309,22.796],[70.313,22.787],[70.306,22.782],[70.307,22.776],[70.302,22.772],[70.301,22.758],[70.293,22.749],[70.272,22.733],[70.263,22.736],[70.255,22.726],[70.255,22.707],[70.242,22.708],[70.239,22.696],[70.252,22.695],[70.249,22.684],[70.242,22.682],[70.245,22.67],[70.231,22.647],[70.225,22.643],[70.22,22.63],[70.212,22.623],[70.199,22.617],[70.202,22.608],[70.194,22.603],[70.193,22.587],[70.184,22.58],[70.171,22.557],[70.163,22.552],[70.147,22.553],[70.138,22.548],[70.115,22.547],[70.084,22.547],[70.073,22.55],[70.065,22.547],[70.06,22.551],[70.048,22.554],[70.04,22.563],[70.028,22.55],[70.02,22.547],[70.01,22.548],[69.975,22.543],[69.963,22.537],[69.954,22.53],[69.946,22.528],[69.945,22.515],[69.938,22.514],[69.923,22.503],[69.919,22.494],[69.913,22.488],[69.911,22.472],[69.908,22.462],[69.902,22.468],[69.894,22.465],[69.883,22.458],[69.878,22.449],[69.87,22.447],[69.86,22.447],[69.849,22.454],[69.841,22.456],[69.828,22.452],[69.829,22.443],[69.823,22.435],[69.824,22.431],[69.816,22.416],[69.807,22.405],[69.793,22.403],[69.779,22.413],[69.773,22.423],[69.762,22.433],[69.756,22.427],[69.746,22.429],[69.746,22.434],[69.74,22.44],[69.741,22.457],[69.736,22.469],[69.728,22.474],[69.72,22.462],[69.708,22.455],[69.694,22.453],[69.688,22.447],[69.697,22.443],[69.702,22.434],[69.692,22.421],[69.698,22.409],[69.699,22.396],[69.671,22.395],[69.664,22.394],[69.66,22.388],[69.655,22.37],[69.655,22.359],[69.636,22.358],[69.63,22.363],[69.617,22.367],[69.618,22.35],[69.614,22.338],[69.609,22.349],[69.6,22.349],[69.588,22.363],[69.574,22.368],[69.566,22.357],[69.56,22.367],[69.556,22.389],[69.552,22.394],[69.551,22.404],[69.539,22.41],[69.533,22.419],[69.523,22.427],[69.509,22.426],[69.51,22.418],[69.518,22.411],[69.516,22.395],[69.523,22.389],[69.52,22.379],[69.513,22.372],[69.501,22.367],[69.49,22.356],[69.489,22.338],[69.467,22.33],[69.455,22.336],[69.443,22.331],[69.436,22.322],[69.423,22.317],[69.403,22.316],[69.4,22.32],[69.383,22.322],[69.367,22.317],[69.367,22.322],[69.34,22.33],[69.33,22.328],[69.332,22.322],[69.338,22.318],[69.334,22.304],[69.326,22.302],[69.325,22.295],[69.308,22.287],[69.298,22.288],[69.291,22.276],[69.28,22.271],[69.257,22.269],[69.239,22.259],[69.223,22.258],[69.203,22.266],[69.187,22.279],[69.167,22.298],[69.158,22.313],[69.168,22.327],[69.17,22.337],[69.168,22.345],[69.174,22.352],[69.174,22.363],[69.18,22.367],[69.179,22.376],[69.184,22.382],[69.2,22.391],[69.2,22.401],[69.193,22.409],[69.191,22.422],[69.173,22.422],[69.172,22.417],[69.165,22.413],[69.156,22.412],[69.148,22.403],[69.137,22.404],[69.124,22.4],[69.11,22.41],[69.099,22.408],[69.1,22.401],[69.094,22.396],[69.083,22.392],[69.069,22.396],[69.055,22.41],[69.044,22.431],[69.045,22.437],[69.052,22.44],[69.067,22.452],[69.075,22.454],[69.077,22.465],[69.085,22.474],[69.08,22.479],[69.067,22.475],[69.06,22.468],[69.028,22.451],[69.018,22.447],[69.006,22.438],[68.993,22.42],[68.985,22.414],[68.969,22.39],[68.967,22.381],[68.957,22.367],[68.958,22.359],[68.957,22.341],[68.952,22.332],[68.943,22.333],[68.936,22.312],[68.937,22.303],[68.944,22.283],[68.957,22.261],[68.953,22.248],[68.958,22.237],[68.969,22.232],[68.971,22.226],[68.985,22.208],[69.008,22.182],[69.022,22.169],[69.03,22.158],[69.058,22.126],[69.088,22.1],[69.103,22.081],[69.121,22.06],[69.171,22.006],[69.193,21.984],[69.199,21.98],[69.212,21.964],[69.225,21.951],[69.236,21.938],[69.251,21.926],[69.27,21.907],[69.325,21.86],[69.352,21.839],[69.368,21.832],[69.376,21.826],[69.4,21.797],[69.415,21.785],[69.428,21.772],[69.452,21.752],[69.471,21.741],[69.497,21.714],[69.538,21.676],[69.542,21.674],[69.572,21.647],[69.585,21.637],[69.602,21.637],[69.625,21.616],[69.639,21.601],[69.672,21.566],[69.712,21.529],[69.728,21.513],[69.738,21.501],[69.771,21.465],[69.778,21.463],[69.785,21.45],[69.812,21.419],[69.883,21.339],[69.923,21.292],[69.942,21.272],[69.957,21.254],[70.007,21.199],[70.016,21.192],[70.06,21.142],[70.069,21.138],[70.071,21.133],[70.085,21.12],[70.1,21.105],[70.107,21.103],[70.115,21.095],[70.138,21.078],[70.142,21.069],[70.147,21.067],[70.158,21.055],[70.163,21.053],[70.18,21.037],[70.196,21.025],[70.212,21.01],[70.22,21.006],[70.227,20.999],[70.239,20.994],[70.252,20.979],[70.296,20.947],[70.315,20.935],[70.325,20.927],[70.349,20.914],[70.353,20.909],[70.365,20.901],[70.373,20.903],[70.393,20.894],[70.425,20.863],[70.439,20.853],[70.454,20.848],[70.471,20.838],[70.475,20.841],[70.487,20.834],[70.494,20.827],[70.516,20.818],[70.524,20.811],[70.532,20.809],[70.542,20.802],[70.55,20.805],[70.564,20.793],[70.57,20.793],[70.579,20.788],[70.585,20.782],[70.608,20.777],[70.616,20.772],[70.632,20.768],[70.637,20.769],[70.645,20.763],[70.657,20.765],[70.672,20.761],[70.687,20.749],[70.696,20.745],[70.703,20.738],[70.713,20.736],[70.744,20.72],[70.758,20.723],[70.774,20.717],[70.794,20.711],[70.804,20.701],[70.812,20.7],[70.822,20.692],[70.836,20.691],[70.834,20.699],[70.84,20.705],[70.855,20.708],[70.869,20.706],[70.868,20.714],[70.874,20.727],[70.886,20.733],[70.896,20.733],[70.911,20.737],[70.915,20.742],[70.924,20.744],[70.927,20.737],[70.938,20.733],[70.955,20.735],[70.961,20.741],[70.97,20.738],[70.981,20.744],[70.991,20.746],[70.998,20.74],[71.027,20.739],[71.043,20.735],[71.05,20.731],[71.061,20.736],[71.074,20.735],[71.081,20.739],[71.078,20.75],[71.086,20.756],[71.094,20.758],[71.115,20.757],[71.12,20.754],[71.128,20.757],[71.149,20.757],[71.15,20.771],[71.161,20.781],[71.189,20.785],[71.202,20.788],[71.205,20.798],[71.211,20.803],[71.228,20.803],[71.24,20.812],[71.26,20.817],[71.268,20.822],[71.283,20.827],[71.323,20.846],[71.332,20.847],[71.372,20.853],[71.382,20.86],[71.377,20.867],[71.378,20.874],[71.386,20.876],[71.396,20.865],[71.405,20.868],[71.412,20.867],[71.437,20.868],[71.448,20.882],[71.463,20.881],[71.472,20.889],[71.477,20.89],[71.482,20.905],[71.488,20.914],[71.493,20.918],[71.508,20.916],[71.516,20.922],[71.507,20.932],[71.511,20.936],[71.51,20.944],[71.515,20.948],[71.523,20.949],[71.53,20.943],[71.541,20.947],[71.546,20.951],[71.565,20.95],[71.568,20.954],[71.58,20.954],[71.581,20.959],[71.593,20.961],[71.599,20.965],[71.607,20.965],[71.615,20.97],[71.621,20.968],[71.637,20.973],[71.638,20.99],[71.652,20.997],[71.664,20.999],[71.675,20.997],[71.689,21.008],[71.697,21.009],[71.709,21.017],[71.721,21.022],[71.75,21.02],[71.761,21.02],[71.765,21.026],[71.783,21.033],[71.786,21.04],[71.801,21.038],[71.807,21.04],[71.798,21.053],[71.797,21.058],[71.822,21.072],[71.824,21.068],[71.836,21.073],[71.843,21.078],[71.853,21.08],[71.87,21.09],[71.88,21.09],[71.888,21.102],[71.898,21.107],[71.916,21.112],[71.927,21.111],[71.928,21.115],[71.952,21.118],[71.954,21.123],[71.963,21.124],[71.972,21.12],[71.977,21.131],[71.99,21.142],[72.004,21.142],[72.018,21.15],[72.037,21.158],[72.048,21.161],[72.056,21.172],[72.064,21.177],[72.074,21.179],[72.087,21.19],[72.106,21.197],[72.113,21.196],[72.115,21.202],[72.111,21.219],[72.096,21.223],[72.089,21.229],[72.086,21.242],[72.082,21.246],[72.092,21.26],[72.097,21.265],[72.097,21.277],[72.102,21.278],[72.111,21.287],[72.112,21.296],[72.109,21.301],[72.121,21.325],[72.135,21.342],[72.15,21.356],[72.16,21.37],[72.167,21.377],[72.171,21.39],[72.189,21.406],[72.199,21.412],[72.224,21.44],[72.224,21.444],[72.235,21.457],[72.236,21.464],[72.243,21.476],[72.254,21.503],[72.256,21.513],[72.265,21.542],[72.264,21.557],[72.268,21.572],[72.293,21.61],[72.302,21.619],[72.306,21.628],[72.303,21.643],[72.285,21.667],[72.285,21.679],[72.28,21.69],[72.26,21.723],[72.248,21.751],[72.241,21.787],[72.248,21.789],[72.25,21.769],[72.263,21.74],[72.27,21.748],[72.27,21.757],[72.26,21.784],[72.259,21.797],[72.259,21.829],[72.256,21.848],[72.255,21.864],[72.258,21.877],[72.256,21.89],[72.242,21.917],[72.231,21.927],[72.226,21.941],[72.22,21.948],[72.213,21.948],[72.202,21.94],[72.19,21.937],[72.183,21.94],[72.172,21.953],[72.173,21.959],[72.187,21.944],[72.192,21.942],[72.21,21.955],[72.221,21.956],[72.221,21.968],[72.225,21.976],[72.232,22.003],[72.224,22.007],[72.214,21.999],[72.2,22.004],[72.196,22.023],[72.21,22.01],[72.214,22.011],[72.224,22.021],[72.233,22.018],[72.233,22.025],[72.23,22.039],[72.231,22.049],[72.237,22.058],[72.257,22.067],[72.265,22.075],[72.277,22.079],[72.274,22.093],[72.287,22.094],[72.287,22.1],[72.302,22.107],[72.303,22.089],[72.298,22.081],[72.304,22.072],[72.298,22.063],[72.287,22.074],[72.272,22.065],[72.256,22.059],[72.242,22.051],[72.245,22.033],[72.253,22.029],[72.261,22.019],[72.255,22.007],[72.252,21.987],[72.262,21.981],[72.26,21.96],[72.267,21.937],[72.275,21.93],[72.279,21.947],[72.279,21.955],[72.271,21.968],[72.28,21.967],[72.285,21.982],[72.286,21.995],[72.293,22.018],[72.299,22.044],[72.303,22.056],[72.309,22.087],[72.315,22.102],[72.311,22.112],[72.321,22.12],[72.321,22.129],[72.312,22.14],[72.31,22.149],[72.311,22.163],[72.313,22.172],[72.313,22.181],[72.303,22.183],[72.297,22.191],[72.303,22.193],[72.316,22.185],[72.32,22.172],[72.316,22.16],[72.316,22.147],[72.324,22.147],[72.342,22.135],[72.341,22.125],[72.35,22.127],[72.352,22.137],[72.35,22.147],[72.357,22.152],[72.353,22.165],[72.354,22.18],[72.359,22.176],[72.372,22.172],[72.377,22.157],[72.387,22.16],[72.386,22.171],[72.39,22.183],[72.381,22.195],[72.364,22.202],[72.361,22.208],[72.36,22.225],[72.369,22.24],[72.364,22.258],[72.357,22.263],[72.358,22.268],[72.367,22.267],[72.378,22.261],[72.382,22.253],[72.381,22.244],[72.376,22.236],[72.377,22.226],[72.382,22.218],[72.39,22.215],[72.401,22.202],[72.405,22.214],[72.411,22.215],[72.417,22.227],[72.413,22.25],[72.416,22.268],[72.416,22.285],[72.414,22.297],[72.411,22.299],[72.388,22.299],[72.376,22.305],[72.372,22.317],[72.373,22.323],[72.379,22.336],[72.389,22.344],[72.398,22.346],[72.404,22.352],[72.394,22.363],[72.388,22.366],[72.382,22.376],[72.377,22.373],[72.361,22.375],[72.376,22.385],[72.394,22.382],[72.399,22.369],[72.412,22.358],[72.412,22.35],[72.403,22.328],[72.39,22.317],[72.389,22.31],[72.394,22.307],[72.405,22.31],[72.435,22.301],[72.445,22.287],[72.449,22.276],[72.458,22.26],[72.471,22.243],[72.482,22.241],[72.491,22.246],[72.494,22.242],[72.491,22.23],[72.485,22.223],[72.481,22.212],[72.474,22.201],[72.488,22.197],[72.491,22.206],[72.503,22.22],[72.508,22.232],[72.524,22.245],[72.523,22.262],[72.526,22.269],[72.533,22.277],[72.537,22.274],[72.533,22.247],[72.545,22.244],[72.557,22.259],[72.561,22.25],[72.573,22.255],[72.596,22.273],[72.608,22.279],[72.63,22.284],[72.637,22.284],[72.656,22.279],[72.658,22.27],[72.675,22.25],[72.692,22.237],[72.718,22.236],[72.756,22.231],[72.762,22.232],[72.782,22.245],[72.79,22.252],[72.81,22.265],[72.824,22.271],[72.844,22.282],[72.853,22.282],[72.856,22.264],[72.859,22.255],[72.867,22.243],[72.883,22.242],[72.895,22.246],[72.904,22.252],[72.91,22.259],[72.912,22.275],[72.92,22.27],[72.92,22.261],[72.912,22.245],[72.899,22.232],[72.886,22.231],[72.878,22.224],[72.87,22.223],[72.848,22.237],[72.826,22.241],[72.818,22.248],[72.809,22.246],[72.8,22.239],[72.782,22.213],[72.774,22.194],[72.76,22.175],[72.748,22.173],[72.737,22.176],[72.727,22.182],[72.708,22.186],[72.7,22.185],[72.688,22.194],[72.677,22.2],[72.658,22.213],[72.64,22.218],[72.614,22.217],[72.601,22.213],[72.583,22.202],[72.569,22.188],[72.556,22.167],[72.547,22.15],[72.527,22.078],[72.518,22.03],[72.514,22.018],[72.507,21.994],[72.503,21.959],[72.502,21.935],[72.506,21.925],[72.505,21.91],[72.508,21.898],[72.515,21.891],[72.517,21.879],[72.547,21.878],[72.55,21.88],[72.572,21.882],[72.582,21.886],[72.587,21.9],[72.586,21.919],[72.613,21.944],[72.629,21.955],[72.637,21.954],[72.614,21.939],[72.608,21.928],[72.629,21.909],[72.622,21.9],[72.623,21.887],[72.612,21.861],[72.602,21.855],[72.599,21.849],[72.579,21.827],[72.571,21.824],[72.552,21.792],[72.549,21.773],[72.544,21.758],[72.543,21.743],[72.54,21.736],[72.53,21.729],[72.525,21.719],[72.52,21.713],[72.518,21.706],[72.523,21.696],[72.524,21.68],[72.531,21.674],[72.536,21.666],[72.547,21.658],[72.559,21.659],[72.568,21.666],[72.59,21.675],[72.595,21.68],[72.608,21.682],[72.632,21.679],[72.659,21.678],[72.67,21.683],[72.681,21.68],[72.698,21.682],[72.711,21.678],[72.736,21.69],[72.742,21.689],[72.751,21.677],[72.762,21.669],[72.78,21.663],[72.798,21.662],[72.833,21.673],[72.835,21.669],[72.814,21.654],[72.806,21.651],[72.787,21.645],[72.771,21.646],[72.752,21.65],[72.747,21.642],[72.723,21.639],[72.714,21.642],[72.705,21.652],[72.696,21.648],[72.692,21.641],[72.673,21.628],[72.66,21.628],[72.652,21.623],[72.648,21.617],[72.638,21.62],[72.628,21.617],[72.626,21.609],[72.608,21.583],[72.613,21.571],[72.613,21.557],[72.631,21.539],[72.644,21.534],[72.642,21.526],[72.649,21.525],[72.66,21.527],[72.671,21.537],[72.681,21.54],[72.706,21.532],[72.719,21.537],[72.722,21.535],[72.7,21.527],[72.686,21.528],[72.674,21.52],[72.671,21.515],[72.671,21.503],[72.665,21.48],[72.658,21.471]]],[[[93.72,7.207],[93.721,7.213],[93.707,7.227],[93.713,7.208],[93.72,7.207]]],[[[93.849,7.241],[93.821,7.237],[93.81,7.229],[93.807,7.217],[93.808,7.212],[93.802,7.203],[93.792,7.213],[93.785,7.216],[93.771,7.207],[93.76,7.214],[93.752,7.207],[93.757,7.2],[93.749,7.197],[93.745,7.2],[93.739,7.191],[93.725,7.184],[93.714,7.192],[93.702,7.188],[93.691,7.191],[93.674,7.176],[93.675,7.163],[93.679,7.155],[93.675,7.139],[93.667,7.139],[93.664,7.13],[93.656,7.127],[93.656,7.117],[93.663,7.112],[93.667,7.117],[93.675,7.111],[93.667,7.104],[93.66,7.104],[93.658,7.094],[93.662,7.085],[93.667,7.086],[93.67,7.08],[93.664,7.074],[93.663,7.067],[93.669,7.066],[93.668,7.055],[93.665,7.043],[93.673,7.037],[93.669,7.03],[93.674,7.025],[93.67,7.019],[93.671,7.013],[93.664,7.01],[93.666,7.004],[93.672,7.003],[93.678,7.016],[93.691,7.017],[93.703,7.008],[93.707,7.002],[93.704,6.994],[93.707,6.991],[93.719,6.994],[93.724,6.991],[93.733,6.979],[93.732,6.969],[93.737,6.96],[93.747,6.962],[93.748,6.95],[93.752,6.946],[93.752,6.931],[93.742,6.926],[93.751,6.91],[93.765,6.917],[93.764,6.908],[93.769,6.902],[93.766,6.897],[93.775,6.894],[93.778,6.881],[93.772,6.877],[93.776,6.872],[93.774,6.866],[93.782,6.857],[93.789,6.858],[93.794,6.848],[93.787,6.838],[93.787,6.831],[93.794,6.826],[93.803,6.814],[93.811,6.819],[93.816,6.812],[93.81,6.804],[93.812,6.793],[93.808,6.787],[93.814,6.779],[93.807,6.774],[93.807,6.764],[93.82,6.757],[93.835,6.757],[93.84,6.772],[93.846,6.778],[93.849,6.791],[93.846,6.801],[93.848,6.81],[93.854,6.816],[93.862,6.817],[93.87,6.814],[93.88,6.803],[93.882,6.795],[93.887,6.798],[93.89,6.806],[93.895,6.805],[93.903,6.815],[93.901,6.82],[93.91,6.833],[93.906,6.841],[93.897,6.842],[93.894,6.847],[93.893,6.862],[93.894,6.869],[93.901,6.873],[93.902,6.88],[93.897,6.894],[93.897,6.903],[93.901,6.908],[93.909,6.906],[93.916,6.914],[93.91,6.931],[93.917,6.935],[93.918,6.945],[93.927,6.955],[93.932,6.956],[93.943,6.952],[93.944,6.96],[93.937,6.963],[93.929,6.973],[93.928,6.988],[93.915,6.996],[93.917,7.006],[93.924,7.012],[93.931,7.01],[93.933,7.002],[93.946,6.995],[93.947,7.008],[93.939,7.018],[93.927,7.027],[93.917,7.026],[93.913,7.041],[93.916,7.047],[93.915,7.054],[93.906,7.064],[93.903,7.077],[93.895,7.081],[93.887,7.087],[93.888,7.096],[93.886,7.106],[93.891,7.122],[93.886,7.127],[93.888,7.156],[93.886,7.167],[93.88,7.177],[93.884,7.184],[93.883,7.204],[93.868,7.217],[93.856,7.215],[93.847,7.218],[93.843,7.228],[93.848,7.233],[93.849,7.241]]],[[[93.69,7.396],[93.696,7.399],[93.691,7.409],[93.684,7.407],[93.69,7.396]]],[[[93.713,7.444],[93.707,7.444],[93.708,7.426],[93.707,7.413],[93.708,7.394],[93.696,7.393],[93.684,7.387],[93.68,7.376],[93.672,7.373],[93.664,7.381],[93.65,7.368],[93.64,7.374],[93.633,7.371],[93.632,7.359],[93.633,7.337],[93.637,7.332],[93.636,7.32],[93.63,7.314],[93.621,7.31],[93.628,7.305],[93.634,7.288],[93.631,7.28],[93.634,7.275],[93.629,7.269],[93.639,7.257],[93.639,7.252],[93.647,7.244],[93.654,7.245],[93.67,7.26],[93.672,7.269],[93.679,7.274],[93.679,7.282],[93.699,7.299],[93.7,7.303],[93.724,7.308],[93.727,7.315],[93.736,7.327],[93.739,7.342],[93.757,7.358],[93.756,7.374],[93.748,7.383],[93.735,7.39],[93.721,7.405],[93.722,7.421],[93.72,7.431],[93.713,7.444]]],[[[93.546,7.512],[93.55,7.519],[93.541,7.522],[93.541,7.514],[93.546,7.512]]],[[[93.383,8.023],[93.379,8.025],[93.37,8.02],[93.361,8.01],[93.354,8.008],[93.336,8.012],[93.326,8],[93.323,7.989],[93.325,7.981],[93.323,7.973],[93.317,7.971],[93.311,7.962],[93.313,7.951],[93.318,7.944],[93.32,7.932],[93.33,7.925],[93.334,7.936],[93.344,7.934],[93.347,7.927],[93.343,7.918],[93.346,7.915],[93.346,7.901],[93.352,7.893],[93.378,7.884],[93.387,7.887],[93.393,7.894],[93.396,7.901],[93.408,7.903],[93.413,7.907],[93.426,7.907],[93.442,7.899],[93.452,7.885],[93.454,7.875],[93.462,7.873],[93.471,7.883],[93.475,7.893],[93.47,7.908],[93.466,7.915],[93.466,7.928],[93.463,7.934],[93.45,7.944],[93.445,7.951],[93.436,7.956],[93.433,7.966],[93.423,7.96],[93.415,7.959],[93.396,7.969],[93.403,7.975],[93.404,7.982],[93.402,7.994],[93.407,8.01],[93.397,8.018],[93.383,8.023]]],[[[93.548,8.026],[93.548,8.017],[93.552,8.002],[93.543,8.007],[93.542,8.017],[93.53,8.024],[93.531,8.009],[93.518,7.994],[93.509,7.998],[93.508,7.985],[93.517,7.979],[93.522,7.971],[93.535,7.964],[93.538,7.958],[93.553,7.949],[93.563,7.938],[93.573,7.931],[93.579,7.934],[93.581,7.945],[93.58,7.956],[93.583,7.971],[93.58,7.98],[93.582,7.992],[93.576,8],[93.571,8.011],[93.567,8.016],[93.563,8.025],[93.548,8.026]]],[[[93.58,8.124],[93.578,8.125],[93.563,8.12],[93.569,8.108],[93.573,8.106],[93.571,8.093],[93.582,8.081],[93.582,8.074],[93.576,8.074],[93.572,8.068],[93.575,8.061],[93.581,8.056],[93.592,8.039],[93.6,8.044],[93.599,8.056],[93.592,8.064],[93.592,8.076],[93.59,8.084],[93.59,8.101],[93.587,8.113],[93.58,8.124]]],[[[93.526,8.232],[93.521,8.234],[93.514,8.229],[93.497,8.224],[93.492,8.22],[93.493,8.21],[93.491,8.2],[93.484,8.194],[93.478,8.185],[93.47,8.181],[93.459,8.18],[93.455,8.175],[93.457,8.144],[93.466,8.14],[93.459,8.134],[93.462,8.119],[93.472,8.099],[93.479,8.091],[93.486,8.095],[93.489,8.089],[93.483,8.081],[93.486,8.052],[93.49,8.05],[93.495,8.06],[93.507,8.074],[93.513,8.074],[93.514,8.084],[93.524,8.084],[93.525,8.07],[93.531,8.068],[93.524,8.058],[93.526,8.053],[93.517,8.047],[93.514,8.049],[93.516,8.059],[93.5,8.039],[93.49,8.046],[93.486,8.044],[93.487,8.016],[93.492,8.002],[93.501,7.998],[93.507,8.002],[93.505,8.017],[93.508,8.034],[93.519,8.036],[93.526,8.034],[93.529,8.047],[93.537,8.045],[93.542,8.038],[93.55,8.036],[93.547,8.047],[93.549,8.061],[93.552,8.064],[93.552,8.074],[93.548,8.089],[93.535,8.096],[93.531,8.106],[93.52,8.128],[93.513,8.139],[93.507,8.141],[93.508,8.156],[93.513,8.161],[93.511,8.169],[93.522,8.173],[93.528,8.182],[93.538,8.186],[93.538,8.191],[93.544,8.196],[93.546,8.205],[93.545,8.22],[93.538,8.229],[93.526,8.232]]],[[[93.235,8.264],[93.222,8.256],[93.22,8.246],[93.224,8.238],[93.234,8.23],[93.237,8.224],[93.245,8.224],[93.251,8.228],[93.249,8.241],[93.24,8.26],[93.235,8.264]]],[[[93.127,8.356],[93.113,8.347],[93.106,8.349],[93.096,8.339],[93.095,8.324],[93.086,8.307],[93.084,8.295],[93.085,8.276],[93.089,8.268],[93.1,8.253],[93.102,8.246],[93.121,8.224],[93.133,8.22],[93.158,8.207],[93.162,8.202],[93.172,8.202],[93.189,8.194],[93.202,8.197],[93.205,8.215],[93.194,8.225],[93.178,8.231],[93.17,8.236],[93.153,8.244],[93.131,8.266],[93.126,8.277],[93.127,8.287],[93.133,8.302],[93.131,8.31],[93.134,8.319],[93.141,8.33],[93.143,8.347],[93.133,8.348],[93.127,8.356]]],[[[93.044,8.471],[93.04,8.467],[93.036,8.454],[93.039,8.445],[93.044,8.442],[93.059,8.441],[93.056,8.451],[93.056,8.461],[93.044,8.471]]],[[[93.614,8.575],[93.615,8.565],[93.611,8.553],[93.611,8.544],[93.618,8.536],[93.623,8.526],[93.626,8.508],[93.625,8.497],[93.629,8.489],[93.628,8.485],[93.619,8.481],[93.623,8.462],[93.62,8.457],[93.621,8.44],[93.619,8.435],[93.625,8.427],[93.628,8.439],[93.623,8.449],[93.626,8.464],[93.629,8.47],[93.642,8.468],[93.639,8.48],[93.637,8.498],[93.632,8.506],[93.637,8.513],[93.636,8.523],[93.627,8.527],[93.622,8.533],[93.618,8.553],[93.621,8.56],[93.618,8.571],[93.614,8.575]]],[[[92.795,9.239],[92.779,9.247],[92.772,9.221],[92.765,9.215],[92.755,9.216],[92.748,9.212],[92.744,9.216],[92.725,9.219],[92.721,9.212],[92.72,9.187],[92.721,9.173],[92.718,9.16],[92.72,9.146],[92.726,9.138],[92.726,9.13],[92.733,9.123],[92.758,9.127],[92.774,9.126],[92.778,9.121],[92.787,9.118],[92.803,9.12],[92.813,9.125],[92.817,9.135],[92.827,9.139],[92.832,9.164],[92.828,9.176],[92.825,9.179],[92.825,9.195],[92.818,9.215],[92.795,9.239]]],[[[92.518,10.897],[92.51,10.895],[92.507,10.89],[92.493,10.889],[92.479,10.871],[92.47,10.868],[92.457,10.862],[92.46,10.854],[92.46,10.844],[92.455,10.837],[92.447,10.836],[92.437,10.824],[92.428,10.818],[92.419,10.796],[92.409,10.784],[92.396,10.778],[92.386,10.784],[92.378,10.785],[92.377,10.771],[92.382,10.763],[92.379,10.754],[92.378,10.738],[92.383,10.722],[92.381,10.713],[92.381,10.694],[92.384,10.676],[92.383,10.668],[92.394,10.666],[92.4,10.661],[92.41,10.645],[92.417,10.632],[92.421,10.616],[92.415,10.608],[92.411,10.594],[92.41,10.583],[92.401,10.572],[92.393,10.557],[92.394,10.553],[92.382,10.539],[92.386,10.532],[92.402,10.531],[92.411,10.538],[92.419,10.548],[92.434,10.548],[92.45,10.543],[92.463,10.535],[92.474,10.523],[92.482,10.518],[92.493,10.515],[92.499,10.511],[92.513,10.512],[92.531,10.518],[92.533,10.527],[92.541,10.536],[92.544,10.549],[92.553,10.557],[92.568,10.576],[92.564,10.586],[92.545,10.592],[92.54,10.605],[92.54,10.615],[92.546,10.629],[92.557,10.643],[92.568,10.651],[92.579,10.654],[92.575,10.668],[92.579,10.676],[92.588,10.68],[92.597,10.681],[92.598,10.7],[92.589,10.719],[92.588,10.733],[92.583,10.741],[92.583,10.759],[92.588,10.78],[92.587,10.788],[92.576,10.795],[92.573,10.801],[92.563,10.804],[92.561,10.811],[92.561,10.824],[92.563,10.828],[92.556,10.844],[92.559,10.857],[92.558,10.863],[92.538,10.882],[92.53,10.886],[92.522,10.897],[92.518,10.897]]],[[[92.227,10.982],[92.22,10.983],[92.215,10.979],[92.218,10.973],[92.227,10.976],[92.227,10.982]]],[[[92.664,10.983],[92.668,10.986],[92.666,10.993],[92.66,10.99],[92.664,10.983]]],[[[92.706,11.289],[92.696,11.285],[92.693,11.281],[92.694,11.27],[92.699,11.258],[92.706,11.264],[92.706,11.289]]],[[[92.724,11.332],[92.718,11.329],[92.714,11.321],[92.715,11.316],[92.724,11.318],[92.724,11.332]]],[[[92.642,11.51],[92.636,11.517],[92.629,11.507],[92.621,11.498],[92.615,11.482],[92.612,11.459],[92.616,11.451],[92.624,11.442],[92.622,11.432],[92.625,11.427],[92.625,11.409],[92.62,11.402],[92.597,11.4],[92.588,11.401],[92.593,11.38],[92.582,11.367],[92.589,11.355],[92.598,11.348],[92.611,11.347],[92.62,11.35],[92.63,11.35],[92.638,11.347],[92.649,11.357],[92.657,11.358],[92.664,11.355],[92.669,11.363],[92.677,11.363],[92.691,11.371],[92.692,11.386],[92.671,11.396],[92.662,11.397],[92.658,11.412],[92.671,11.416],[92.674,11.419],[92.672,11.427],[92.68,11.429],[92.686,11.436],[92.684,11.444],[92.676,11.462],[92.677,11.471],[92.67,11.48],[92.671,11.486],[92.656,11.493],[92.644,11.501],[92.642,11.51]]],[[[92.56,11.538],[92.552,11.538],[92.553,11.531],[92.562,11.518],[92.567,11.518],[92.569,11.528],[92.561,11.534],[92.56,11.538]]],[[[92.61,11.559],[92.603,11.552],[92.606,11.548],[92.607,11.537],[92.616,11.535],[92.619,11.543],[92.62,11.556],[92.61,11.559]]],[[[92.597,11.542],[92.597,11.563],[92.59,11.575],[92.589,11.562],[92.584,11.549],[92.588,11.539],[92.595,11.534],[92.597,11.542]]],[[[92.612,11.588],[92.601,11.586],[92.601,11.567],[92.61,11.568],[92.616,11.564],[92.619,11.573],[92.617,11.583],[92.612,11.588]]],[[[92.23,11.588],[92.222,11.592],[92.208,11.586],[92.215,11.572],[92.209,11.56],[92.208,11.55],[92.213,11.535],[92.218,11.529],[92.224,11.531],[92.232,11.527],[92.253,11.526],[92.261,11.518],[92.27,11.523],[92.275,11.537],[92.27,11.548],[92.268,11.571],[92.27,11.585],[92.263,11.59],[92.241,11.592],[92.23,11.588]]],[[[92.541,11.603],[92.534,11.602],[92.533,11.59],[92.535,11.585],[92.533,11.571],[92.539,11.563],[92.554,11.562],[92.564,11.574],[92.562,11.582],[92.563,11.593],[92.545,11.592],[92.547,11.602],[92.541,11.603]]],[[[93.032,11.837],[93.013,11.849],[93.014,11.832],[93.02,11.831],[93.046,11.814],[93.058,11.815],[93.062,11.823],[93.072,11.835],[93.07,11.842],[93.063,11.845],[93.048,11.842],[93.036,11.836],[93.032,11.837]]],[[[92.756,11.967],[92.739,11.962],[92.736,11.952],[92.742,11.951],[92.746,11.945],[92.76,11.949],[92.767,11.955],[92.766,11.965],[92.756,11.967]]],[[[92.595,11.977],[92.594,11.969],[92.596,11.96],[92.597,11.93],[92.602,11.931],[92.609,11.94],[92.607,11.944],[92.601,11.971],[92.595,11.977]]],[[[92.975,12.043],[92.975,12.036],[92.965,12.039],[92.961,12.029],[92.951,12.014],[92.94,12.006],[92.932,12.006],[92.929,12],[92.935,11.985],[92.948,11.986],[92.96,11.982],[92.965,11.974],[92.967,11.962],[92.974,11.949],[92.986,11.946],[92.991,11.952],[92.996,11.948],[92.995,11.941],[93.006,11.929],[93.012,11.917],[93.022,11.902],[93.026,11.889],[93.033,11.884],[93.045,11.884],[93.053,11.896],[93.053,11.904],[93.047,11.914],[93.047,11.921],[93.035,11.949],[93.028,11.952],[93.025,11.967],[93.022,11.971],[93.007,12.001],[93.01,12.017],[93.004,12.028],[92.998,12.034],[92.989,12.037],[92.982,12.042],[92.975,12.043]]],[[[92.991,12.109],[92.972,12.104],[92.967,12.109],[92.96,12.106],[92.961,12.094],[92.971,12.092],[92.971,12.086],[92.961,12.083],[92.964,12.069],[92.974,12.066],[92.98,12.055],[92.992,12.044],[93,12.048],[92.998,12.064],[93.001,12.079],[93,12.086],[93.006,12.1],[93.005,12.104],[92.991,12.109]]],[[[92.956,12.096],[92.956,12.105],[92.95,12.114],[92.949,12.097],[92.956,12.096]]],[[[93.12,12.148],[93.11,12.143],[93.115,12.13],[93.124,12.14],[93.12,12.148]]],[[[92.964,12.151],[92.957,12.148],[92.956,12.143],[92.962,12.124],[92.969,12.118],[92.983,12.112],[92.996,12.113],[93.001,12.12],[92.992,12.137],[92.992,12.144],[92.983,12.149],[92.978,12.148],[92.964,12.151]]],[[[93.029,12.166],[93.021,12.157],[93.007,12.147],[93.002,12.133],[93.006,12.117],[93.004,12.113],[93.009,12.102],[93.006,12.084],[93.008,12.076],[93.025,12.07],[93.035,12.061],[93.041,12.046],[93.045,12.046],[93.053,12.06],[93.053,12.07],[93.049,12.084],[93.041,12.09],[93.034,12.1],[93.032,12.119],[93.036,12.124],[93.026,12.141],[93.029,12.166]]],[[[93.074,12.21],[93.066,12.211],[93.057,12.193],[93.041,12.152],[93.037,12.133],[93.045,12.128],[93.053,12.11],[93.066,12.098],[93.068,12.091],[93.075,12.084],[93.085,12.089],[93.09,12.098],[93.093,12.113],[93.092,12.123],[93.088,12.13],[93.095,12.142],[93.094,12.148],[93.085,12.154],[93.09,12.177],[93.086,12.196],[93.079,12.201],[93.074,12.21]]],[[[92.935,12.225],[92.927,12.222],[92.926,12.207],[92.936,12.202],[92.934,12.211],[92.941,12.217],[92.935,12.225]]],[[[92.697,12.24],[92.69,12.236],[92.685,12.222],[92.687,12.213],[92.674,12.218],[92.662,12.193],[92.656,12.19],[92.666,12.217],[92.663,12.218],[92.649,12.184],[92.644,12.177],[92.638,12.144],[92.635,12.14],[92.63,12.116],[92.625,12.107],[92.619,12.065],[92.625,12.062],[92.621,12.053],[92.626,12.048],[92.617,12.026],[92.612,12.009],[92.614,11.99],[92.612,11.984],[92.613,11.959],[92.608,11.948],[92.611,11.943],[92.608,11.928],[92.606,11.924],[92.612,11.914],[92.61,11.891],[92.611,11.871],[92.602,11.873],[92.602,11.896],[92.594,11.899],[92.592,11.887],[92.588,11.887],[92.581,11.921],[92.574,11.928],[92.563,11.947],[92.56,11.935],[92.556,11.929],[92.542,11.922],[92.541,11.917],[92.534,11.913],[92.538,11.904],[92.536,11.9],[92.526,11.896],[92.522,11.87],[92.514,11.85],[92.519,11.839],[92.518,11.834],[92.525,11.827],[92.536,11.839],[92.542,11.836],[92.541,11.82],[92.549,11.817],[92.553,11.797],[92.552,11.785],[92.559,11.769],[92.554,11.767],[92.552,11.723],[92.562,11.694],[92.573,11.699],[92.575,11.716],[92.582,11.717],[92.595,11.711],[92.593,11.703],[92.599,11.693],[92.598,11.679],[92.591,11.671],[92.6,11.656],[92.599,11.652],[92.608,11.637],[92.626,11.628],[92.631,11.628],[92.634,11.636],[92.645,11.633],[92.644,11.624],[92.636,11.616],[92.624,11.618],[92.618,11.622],[92.609,11.621],[92.606,11.608],[92.61,11.594],[92.618,11.586],[92.62,11.578],[92.617,11.563],[92.621,11.562],[92.633,11.58],[92.647,11.572],[92.642,11.561],[92.651,11.552],[92.645,11.543],[92.648,11.522],[92.661,11.512],[92.667,11.504],[92.672,11.504],[92.678,11.512],[92.685,11.512],[92.696,11.506],[92.704,11.499],[92.705,11.493],[92.712,11.489],[92.717,11.495],[92.718,11.503],[92.727,11.519],[92.724,11.526],[92.724,11.532],[92.732,11.542],[92.735,11.553],[92.73,11.56],[92.74,11.571],[92.745,11.59],[92.741,11.593],[92.749,11.607],[92.753,11.609],[92.752,11.633],[92.747,11.643],[92.756,11.648],[92.757,11.665],[92.751,11.667],[92.745,11.676],[92.735,11.677],[92.72,11.685],[92.716,11.676],[92.716,11.665],[92.73,11.661],[92.72,11.653],[92.711,11.653],[92.713,11.645],[92.708,11.644],[92.705,11.652],[92.699,11.65],[92.7,11.641],[92.693,11.638],[92.689,11.641],[92.68,11.629],[92.673,11.627],[92.669,11.635],[92.665,11.645],[92.668,11.654],[92.684,11.651],[92.692,11.665],[92.708,11.669],[92.702,11.673],[92.704,11.683],[92.703,11.697],[92.716,11.706],[92.722,11.698],[92.732,11.699],[92.739,11.691],[92.745,11.692],[92.742,11.707],[92.747,11.711],[92.755,11.702],[92.758,11.708],[92.755,11.718],[92.759,11.73],[92.761,11.745],[92.766,11.752],[92.766,11.764],[92.768,11.771],[92.767,11.78],[92.771,11.786],[92.769,11.799],[92.775,11.813],[92.776,11.834],[92.781,11.843],[92.781,11.851],[92.786,11.867],[92.786,11.883],[92.78,11.891],[92.78,11.897],[92.788,11.919],[92.787,11.926],[92.783,11.93],[92.785,11.936],[92.765,11.94],[92.753,11.932],[92.747,11.933],[92.738,11.917],[92.733,11.905],[92.732,11.873],[92.725,11.881],[92.727,11.9],[92.724,11.919],[92.724,11.932],[92.718,11.935],[92.717,11.946],[92.719,11.963],[92.733,11.971],[92.726,11.974],[92.73,11.994],[92.739,11.997],[92.736,11.985],[92.745,11.983],[92.749,11.978],[92.755,11.982],[92.758,11.989],[92.75,11.993],[92.763,11.999],[92.75,12.005],[92.747,12.017],[92.737,12.021],[92.747,12.036],[92.754,12.028],[92.762,12.021],[92.768,12.027],[92.777,12.024],[92.776,12.041],[92.783,12.046],[92.78,12.051],[92.772,12.047],[92.755,12.058],[92.758,12.063],[92.753,12.071],[92.742,12.075],[92.736,12.084],[92.736,12.104],[92.738,12.112],[92.744,12.121],[92.746,12.131],[92.756,12.153],[92.758,12.164],[92.758,12.177],[92.749,12.178],[92.736,12.182],[92.718,12.177],[92.712,12.17],[92.704,12.169],[92.705,12.18],[92.713,12.189],[92.709,12.2],[92.71,12.211],[92.708,12.217],[92.706,12.229],[92.697,12.24]]],[[[92.731,12.242],[92.725,12.239],[92.722,12.233],[92.724,12.207],[92.721,12.19],[92.73,12.192],[92.733,12.185],[92.748,12.181],[92.755,12.183],[92.763,12.182],[92.768,12.202],[92.763,12.208],[92.763,12.229],[92.738,12.231],[92.741,12.224],[92.735,12.22],[92.73,12.223],[92.735,12.24],[92.731,12.242]]],[[[92.867,12.236],[92.87,12.249],[92.862,12.248],[92.863,12.238],[92.867,12.236]]],[[[92.901,12.255],[92.894,12.255],[92.885,12.249],[92.873,12.248],[92.87,12.238],[92.875,12.23],[92.881,12.224],[92.891,12.234],[92.9,12.229],[92.914,12.232],[92.909,12.241],[92.905,12.252],[92.901,12.255]]],[[[93.079,12.26],[93.071,12.258],[93.066,12.237],[93.067,12.228],[93.084,12.223],[93.093,12.224],[93.092,12.212],[93.102,12.206],[93.104,12.222],[93.101,12.232],[93.106,12.242],[93.105,12.26],[93.1,12.259],[93.1,12.249],[93.093,12.239],[93.086,12.242],[93.084,12.258],[93.079,12.26]]],[[[92.749,12.289],[92.74,12.276],[92.739,12.266],[92.734,12.254],[92.742,12.255],[92.747,12.269],[92.749,12.289]]],[[[92.767,12.274],[92.767,12.287],[92.762,12.294],[92.754,12.282],[92.754,12.276],[92.759,12.269],[92.767,12.274]]],[[[93.867,12.295],[93.851,12.29],[93.847,12.283],[93.846,12.272],[93.856,12.265],[93.872,12.268],[93.877,12.28],[93.874,12.288],[93.867,12.295]]],[[[92.713,12.297],[92.704,12.299],[92.702,12.289],[92.703,12.282],[92.7,12.276],[92.704,12.246],[92.713,12.235],[92.713,12.248],[92.716,12.262],[92.721,12.28],[92.724,12.296],[92.713,12.297]]],[[[92.934,12.308],[92.93,12.305],[92.93,12.284],[92.926,12.28],[92.919,12.289],[92.911,12.293],[92.902,12.29],[92.904,12.278],[92.914,12.273],[92.914,12.268],[92.921,12.264],[92.923,12.259],[92.919,12.246],[92.919,12.238],[92.923,12.231],[92.929,12.238],[92.927,12.251],[92.931,12.26],[92.942,12.276],[92.933,12.293],[92.936,12.298],[92.934,12.308]]],[[[92.826,12.304],[92.81,12.314],[92.803,12.312],[92.796,12.304],[92.785,12.311],[92.769,12.31],[92.767,12.297],[92.776,12.3],[92.78,12.288],[92.771,12.272],[92.765,12.264],[92.75,12.274],[92.748,12.262],[92.742,12.246],[92.749,12.242],[92.748,12.235],[92.758,12.234],[92.769,12.229],[92.764,12.211],[92.769,12.201],[92.767,12.192],[92.765,12.176],[92.761,12.167],[92.758,12.15],[92.748,12.125],[92.747,12.118],[92.739,12.099],[92.74,12.082],[92.744,12.076],[92.756,12.076],[92.763,12.065],[92.774,12.074],[92.793,12.084],[92.792,12.089],[92.795,12.096],[92.788,12.103],[92.799,12.109],[92.81,12.106],[92.812,12.117],[92.803,12.13],[92.811,12.13],[92.822,12.151],[92.82,12.156],[92.825,12.168],[92.836,12.168],[92.847,12.16],[92.854,12.172],[92.851,12.178],[92.856,12.186],[92.848,12.189],[92.847,12.198],[92.854,12.204],[92.88,12.195],[92.882,12.201],[92.874,12.206],[92.873,12.226],[92.862,12.237],[92.859,12.247],[92.865,12.252],[92.876,12.251],[92.883,12.257],[92.883,12.274],[92.88,12.278],[92.887,12.286],[92.882,12.29],[92.873,12.289],[92.872,12.301],[92.855,12.305],[92.839,12.304],[92.835,12.3],[92.826,12.304]]],[[[92.86,12.407],[92.854,12.409],[92.846,12.406],[92.844,12.396],[92.854,12.39],[92.86,12.389],[92.863,12.38],[92.868,12.378],[92.873,12.385],[92.882,12.381],[92.883,12.388],[92.891,12.393],[92.894,12.4],[92.885,12.406],[92.882,12.398],[92.873,12.406],[92.866,12.404],[92.86,12.407]]],[[[92.843,12.42],[92.834,12.427],[92.829,12.425],[92.829,12.422],[92.836,12.416],[92.843,12.42]]],[[[92.956,12.43],[92.949,12.429],[92.944,12.421],[92.938,12.422],[92.931,12.417],[92.928,12.41],[92.925,12.392],[92.928,12.387],[92.919,12.376],[92.919,12.365],[92.933,12.361],[92.937,12.376],[92.942,12.382],[92.943,12.402],[92.952,12.408],[92.961,12.422],[92.956,12.43]]],[[[92.675,12.542],[92.669,12.535],[92.671,12.528],[92.677,12.523],[92.685,12.539],[92.675,12.542]]],[[[92.71,12.829],[92.706,12.819],[92.701,12.814],[92.7,12.801],[92.695,12.8],[92.7,12.786],[92.705,12.781],[92.71,12.771],[92.713,12.737],[92.709,12.732],[92.713,12.72],[92.72,12.722],[92.718,12.734],[92.719,12.752],[92.725,12.755],[92.712,12.777],[92.714,12.785],[92.713,12.819],[92.715,12.828],[92.71,12.829]]],[[[92.729,12.864],[92.719,12.863],[92.712,12.845],[92.707,12.837],[92.715,12.833],[92.719,12.837],[92.729,12.864]]],[[[92.788,12.893],[92.782,12.892],[92.783,12.883],[92.79,12.885],[92.788,12.893]]],[[[92.757,12.901],[92.749,12.896],[92.755,12.89],[92.757,12.901]]],[[[92.794,12.913],[92.78,12.911],[92.775,12.905],[92.787,12.898],[92.793,12.892],[92.799,12.895],[92.797,12.909],[92.794,12.913]]],[[[92.899,12.916],[92.896,12.899],[92.886,12.894],[92.873,12.893],[92.873,12.881],[92.844,12.875],[92.84,12.877],[92.843,12.885],[92.84,12.891],[92.831,12.885],[92.823,12.896],[92.804,12.897],[92.791,12.889],[92.794,12.878],[92.793,12.864],[92.781,12.859],[92.769,12.862],[92.768,12.852],[92.754,12.848],[92.741,12.837],[92.738,12.828],[92.739,12.812],[92.737,12.811],[92.733,12.833],[92.724,12.827],[92.721,12.817],[92.721,12.788],[92.73,12.752],[92.731,12.744],[92.739,12.738],[92.741,12.722],[92.739,12.715],[92.74,12.703],[92.73,12.698],[92.736,12.683],[92.733,12.675],[92.744,12.672],[92.753,12.675],[92.763,12.671],[92.77,12.673],[92.777,12.685],[92.786,12.691],[92.789,12.675],[92.783,12.664],[92.774,12.67],[92.768,12.668],[92.752,12.671],[92.744,12.667],[92.742,12.661],[92.733,12.653],[92.736,12.64],[92.729,12.636],[92.722,12.628],[92.719,12.64],[92.716,12.64],[92.712,12.623],[92.704,12.607],[92.692,12.608],[92.685,12.603],[92.701,12.6],[92.709,12.576],[92.705,12.564],[92.708,12.555],[92.699,12.539],[92.7,12.526],[92.695,12.519],[92.696,12.513],[92.702,12.509],[92.701,12.501],[92.709,12.492],[92.702,12.485],[92.7,12.469],[92.706,12.45],[92.701,12.448],[92.702,12.438],[92.698,12.431],[92.698,12.419],[92.7,12.407],[92.696,12.4],[92.696,12.391],[92.704,12.372],[92.7,12.367],[92.7,12.334],[92.71,12.31],[92.72,12.304],[92.743,12.302],[92.756,12.297],[92.761,12.307],[92.766,12.307],[92.771,12.317],[92.779,12.313],[92.79,12.312],[92.795,12.306],[92.802,12.313],[92.811,12.315],[92.83,12.305],[92.848,12.308],[92.853,12.314],[92.87,12.317],[92.878,12.314],[92.885,12.324],[92.888,12.332],[92.881,12.335],[92.88,12.344],[92.888,12.344],[92.889,12.351],[92.881,12.356],[92.873,12.353],[92.869,12.362],[92.861,12.361],[92.86,12.369],[92.85,12.381],[92.845,12.39],[92.838,12.398],[92.841,12.407],[92.834,12.41],[92.833,12.418],[92.83,12.42],[92.829,12.424],[92.829,12.426],[92.838,12.43],[92.847,12.423],[92.864,12.427],[92.874,12.417],[92.887,12.422],[92.899,12.417],[92.89,12.432],[92.876,12.443],[92.878,12.446],[92.892,12.436],[92.899,12.428],[92.91,12.42],[92.907,12.407],[92.915,12.412],[92.921,12.427],[92.923,12.443],[92.931,12.449],[92.942,12.45],[92.949,12.464],[92.957,12.467],[92.954,12.476],[92.945,12.472],[92.943,12.467],[92.935,12.471],[92.93,12.479],[92.941,12.486],[92.945,12.498],[92.949,12.499],[92.959,12.487],[92.968,12.497],[92.965,12.505],[92.97,12.518],[92.976,12.542],[92.969,12.562],[92.962,12.576],[92.962,12.584],[92.957,12.593],[92.956,12.611],[92.959,12.619],[92.957,12.642],[92.963,12.661],[92.962,12.669],[92.965,12.676],[92.963,12.684],[92.965,12.705],[92.977,12.718],[92.969,12.719],[92.964,12.73],[92.969,12.74],[92.962,12.747],[92.962,12.753],[92.952,12.757],[92.948,12.764],[92.934,12.774],[92.934,12.781],[92.943,12.79],[92.948,12.792],[92.954,12.808],[92.947,12.818],[92.944,12.827],[92.948,12.837],[92.941,12.838],[92.936,12.854],[92.929,12.859],[92.927,12.872],[92.928,12.884],[92.919,12.888],[92.907,12.883],[92.904,12.886],[92.91,12.897],[92.91,12.904],[92.906,12.915],[92.899,12.916]]],[[[92.877,12.932],[92.861,12.934],[92.86,12.926],[92.865,12.917],[92.872,12.916],[92.875,12.927],[92.883,12.922],[92.883,12.93],[92.877,12.932]]],[[[92.696,12.992],[92.691,12.993],[92.684,12.988],[92.68,12.976],[92.67,12.964],[92.668,12.954],[92.679,12.947],[92.671,12.923],[92.67,12.905],[92.667,12.896],[92.665,12.882],[92.657,12.87],[92.649,12.862],[92.651,12.846],[92.657,12.833],[92.661,12.828],[92.661,12.819],[92.666,12.812],[92.666,12.803],[92.663,12.794],[92.67,12.789],[92.678,12.809],[92.682,12.809],[92.689,12.818],[92.679,12.838],[92.688,12.834],[92.702,12.842],[92.703,12.852],[92.714,12.863],[92.72,12.874],[92.723,12.905],[92.72,12.913],[92.721,12.947],[92.718,12.955],[92.72,12.963],[92.72,12.979],[92.709,12.99],[92.704,12.988],[92.696,12.992]]],[[[93.006,12.997],[92.993,12.991],[92.984,12.982],[92.979,12.979],[92.973,12.97],[92.959,12.989],[92.953,12.98],[92.961,12.974],[92.963,12.969],[92.954,12.963],[92.959,12.956],[92.972,12.956],[92.974,12.946],[92.96,12.95],[92.958,12.943],[92.972,12.943],[92.973,12.937],[92.981,12.933],[92.981,12.951],[92.988,12.957],[92.98,12.96],[92.98,12.967],[92.99,12.979],[92.993,12.986],[93.001,12.989],[93.006,12.997]]],[[[92.927,13.024],[92.915,13.013],[92.921,13.001],[92.932,13],[92.937,12.996],[92.944,12.998],[92.939,13.01],[92.943,13.019],[92.939,13.026],[92.927,13.024]]],[[[92.717,13.098],[92.706,13.095],[92.699,13.098],[92.696,13.09],[92.7,13.073],[92.709,13.088],[92.718,13.094],[92.717,13.098]]],[[[93.025,13.326],[93.018,13.329],[93.015,13.309],[93.024,13.305],[93.022,13.322],[93.025,13.326]]],[[[92.843,13.44],[92.828,13.438],[92.822,13.435],[92.822,13.422],[92.835,13.42],[92.846,13.432],[92.843,13.44]]],[[[94.271,13.443],[94.276,13.45],[94.273,13.456],[94.276,13.469],[94.26,13.467],[94.253,13.462],[94.246,13.443],[94.252,13.436],[94.26,13.436],[94.271,13.443]]],[[[93.03,13.571],[93.02,13.574],[93.017,13.571],[93.014,13.548],[93.008,13.543],[93.002,13.561],[92.995,13.564],[92.993,13.571],[92.987,13.57],[92.981,13.552],[92.992,13.536],[92.99,13.529],[92.975,13.527],[92.974,13.536],[92.967,13.542],[92.951,13.543],[92.948,13.537],[92.932,13.539],[92.917,13.536],[92.914,13.526],[92.926,13.521],[92.923,13.512],[92.93,13.502],[92.925,13.496],[92.914,13.498],[92.904,13.496],[92.905,13.49],[92.903,13.481],[92.894,13.475],[92.888,13.478],[92.872,13.472],[92.871,13.465],[92.876,13.46],[92.875,13.446],[92.882,13.441],[92.884,13.43],[92.871,13.426],[92.869,13.417],[92.873,13.415],[92.865,13.401],[92.859,13.409],[92.847,13.411],[92.842,13.398],[92.844,13.393],[92.859,13.386],[92.85,13.37],[92.845,13.377],[92.84,13.375],[92.834,13.353],[92.836,13.347],[92.835,13.338],[92.827,13.329],[92.829,13.312],[92.834,13.305],[92.842,13.302],[92.829,13.288],[92.823,13.277],[92.829,13.269],[92.834,13.269],[92.838,13.261],[92.851,13.263],[92.854,13.258],[92.85,13.239],[92.841,13.239],[92.832,13.243],[92.828,13.237],[92.829,13.209],[92.821,13.201],[92.825,13.194],[92.821,13.183],[92.827,13.174],[92.816,13.17],[92.813,13.164],[92.814,13.153],[92.821,13.148],[92.833,13.149],[92.845,13.142],[92.839,13.136],[92.842,13.127],[92.826,13.13],[92.81,13.127],[92.816,13.116],[92.824,13.116],[92.82,13.103],[92.808,13.1],[92.806,13.085],[92.812,13.079],[92.805,13.075],[92.8,13.083],[92.793,13.058],[92.797,13.051],[92.793,13.033],[92.793,13.027],[92.788,13.017],[92.799,13.01],[92.81,13.009],[92.822,13.012],[92.819,13.001],[92.81,12.998],[92.813,12.992],[92.819,12.99],[92.813,12.983],[92.795,12.987],[92.793,12.98],[92.798,12.972],[92.792,12.965],[92.793,12.952],[92.801,12.948],[92.799,12.93],[92.796,12.926],[92.794,12.915],[92.802,12.9],[92.81,12.9],[92.826,12.895],[92.83,12.886],[92.839,12.893],[92.844,12.89],[92.844,12.885],[92.841,12.877],[92.856,12.878],[92.872,12.883],[92.87,12.888],[92.871,12.899],[92.876,12.905],[92.872,12.91],[92.866,12.903],[92.859,12.902],[92.854,12.916],[92.854,12.926],[92.858,12.935],[92.869,12.934],[92.877,12.947],[92.872,12.95],[92.877,12.958],[92.875,12.965],[92.881,12.97],[92.883,12.984],[92.888,12.983],[92.892,12.991],[92.898,12.987],[92.907,12.986],[92.906,12.976],[92.91,12.962],[92.908,12.951],[92.913,12.947],[92.916,12.956],[92.922,12.962],[92.927,12.958],[92.939,12.972],[92.938,12.981],[92.932,12.98],[92.927,12.99],[92.919,12.987],[92.916,12.999],[92.908,13],[92.907,13.013],[92.903,13.02],[92.905,13.028],[92.914,13.046],[92.916,13.055],[92.911,13.061],[92.914,13.072],[92.921,13.057],[92.926,13.062],[92.942,13.063],[92.941,13.052],[92.936,13.052],[92.935,13.042],[92.941,13.035],[92.951,13.029],[92.955,13.019],[92.96,13.015],[92.969,13.017],[92.966,13.026],[92.97,13.032],[92.984,13.026],[92.995,13.035],[93.006,13.032],[93.013,13.049],[93.02,13.051],[93.03,13.069],[93.026,13.076],[93.034,13.081],[93.032,13.125],[93.031,13.129],[93.037,13.14],[93.034,13.155],[93.034,13.165],[93.037,13.17],[93.032,13.178],[93.035,13.19],[93.044,13.212],[93.042,13.223],[93.056,13.233],[93.055,13.243],[93.058,13.252],[93.054,13.263],[93.046,13.259],[93.04,13.268],[93.047,13.279],[93.03,13.281],[93.02,13.277],[93.013,13.276],[93.016,13.292],[93.013,13.306],[93.004,13.318],[92.996,13.316],[92.985,13.318],[92.979,13.324],[92.964,13.324],[92.953,13.333],[92.955,13.344],[92.96,13.358],[92.967,13.361],[92.976,13.35],[92.98,13.335],[92.989,13.33],[92.989,13.342],[93.003,13.354],[93.026,13.349],[93.027,13.346],[93.04,13.351],[93.046,13.346],[93.042,13.339],[93.04,13.322],[93.048,13.322],[93.056,13.329],[93.061,13.328],[93.061,13.317],[93.064,13.31],[93.07,13.307],[93.072,13.322],[93.075,13.329],[93.09,13.336],[93.088,13.344],[93.078,13.341],[93.071,13.347],[93.065,13.36],[93.052,13.39],[93.064,13.393],[93.068,13.402],[93.059,13.401],[93.062,13.418],[93.048,13.405],[93.042,13.416],[93.037,13.416],[93.041,13.428],[93.033,13.426],[93.028,13.434],[93.035,13.436],[93.035,13.442],[93.033,13.457],[93.029,13.461],[93.035,13.471],[93.041,13.492],[93.04,13.5],[93.043,13.505],[93.043,13.521],[93.045,13.529],[93.041,13.534],[93.038,13.55],[93.03,13.571]]],[[[92.902,13.6],[92.895,13.601],[92.888,13.595],[92.882,13.58],[92.886,13.575],[92.893,13.587],[92.904,13.597],[92.902,13.6]]],[[[93.063,13.654],[93.057,13.654],[93.05,13.644],[93.043,13.638],[93.049,13.625],[93.055,13.637],[93.055,13.643],[93.066,13.649],[93.063,13.654]]],[[[93.017,13.675],[93.009,13.674],[92.998,13.667],[92.982,13.665],[92.977,13.655],[92.982,13.651],[92.986,13.643],[93,13.649],[93.008,13.647],[93.024,13.627],[93.031,13.63],[93.032,13.634],[93.026,13.646],[93.025,13.66],[93.017,13.675]]],[[[81.394,16.334],[81.392,16.336],[81.38,16.333],[81.369,16.334],[81.352,16.323],[81.322,16.31],[81.319,16.314],[81.325,16.321],[81.3,16.317],[81.286,16.312],[81.277,16.316],[81.268,16.311],[81.27,16.303],[81.279,16.296],[81.279,16.29],[81.27,16.286],[81.275,16.278],[81.309,16.295],[81.327,16.307],[81.349,16.315],[81.37,16.325],[81.387,16.329],[81.394,16.334]]],[[[70.925,20.738],[70.91,20.736],[70.882,20.729],[70.873,20.718],[70.875,20.709],[70.888,20.709],[70.897,20.705],[70.899,20.699],[70.914,20.699],[70.918,20.71],[70.925,20.712],[70.935,20.711],[70.939,20.707],[70.955,20.704],[70.96,20.707],[70.976,20.704],[70.998,20.714],[70.99,20.719],[70.98,20.72],[70.975,20.726],[70.965,20.728],[70.96,20.736],[70.956,20.735],[70.938,20.733],[70.925,20.738]]],[[[72.677,21.156],[72.665,21.148],[72.667,21.137],[72.673,21.12],[72.673,21.113],[72.678,21.102],[72.683,21.098],[72.686,21.091],[72.698,21.108],[72.697,21.119],[72.702,21.123],[72.705,21.134],[72.71,21.138],[72.703,21.146],[72.677,21.156]]],[[[72.628,21.417],[72.612,21.398],[72.615,21.396],[72.627,21.411],[72.628,21.417]]],[[[72.353,21.613],[72.347,21.61],[72.346,21.602],[72.35,21.596],[72.352,21.586],[72.358,21.58],[72.365,21.588],[72.363,21.601],[72.357,21.604],[72.353,21.613]]],[[[72.596,21.639],[72.588,21.632],[72.59,21.621],[72.602,21.62],[72.602,21.627],[72.595,21.631],[72.596,21.639]]],[[[72.723,21.666],[72.71,21.66],[72.722,21.643],[72.731,21.646],[72.736,21.644],[72.746,21.647],[72.751,21.655],[72.746,21.659],[72.73,21.662],[72.723,21.666]]],[[[72.274,21.75],[72.268,21.741],[72.272,21.729],[72.279,21.719],[72.283,21.735],[72.274,21.75]]],[[[72.355,21.943],[72.348,21.93],[72.352,21.925],[72.358,21.931],[72.355,21.943]]],[[[72.371,22.235],[72.363,22.223],[72.365,22.208],[72.371,22.214],[72.371,22.235]]],[[[69.335,22.389],[69.33,22.383],[69.331,22.375],[69.34,22.38],[69.335,22.389]]],[[[69.628,22.459],[69.593,22.445],[69.588,22.437],[69.592,22.428],[69.608,22.418],[69.633,22.407],[69.637,22.407],[69.648,22.422],[69.657,22.425],[69.648,22.437],[69.643,22.451],[69.628,22.459]]],[[[69.302,22.474],[69.293,22.46],[69.304,22.453],[69.32,22.451],[69.327,22.457],[69.328,22.463],[69.319,22.472],[69.305,22.472],[69.302,22.474]]],[[[69.137,22.478],[69.126,22.476],[69.098,22.462],[69.092,22.456],[69.095,22.442],[69.086,22.43],[69.104,22.433],[69.108,22.438],[69.109,22.452],[69.108,22.461],[69.112,22.464],[69.123,22.468],[69.146,22.462],[69.15,22.469],[69.148,22.474],[69.137,22.478]]],[[[69.325,22.527],[69.318,22.526],[69.316,22.52],[69.335,22.507],[69.35,22.504],[69.363,22.514],[69.355,22.523],[69.348,22.527],[69.343,22.525],[69.325,22.527]]],[[[69.952,22.551],[69.943,22.551],[69.938,22.54],[69.945,22.536],[69.954,22.537],[69.958,22.545],[69.952,22.551]]],[[[69.919,22.553],[69.907,22.552],[69.9,22.545],[69.899,22.525],[69.886,22.524],[69.867,22.531],[69.862,22.527],[69.87,22.522],[69.885,22.52],[69.895,22.512],[69.903,22.514],[69.916,22.512],[69.931,22.518],[69.942,22.518],[69.942,22.529],[69.935,22.533],[69.932,22.545],[69.919,22.553]]],[[[70.009,22.593],[70.004,22.593],[69.993,22.585],[69.967,22.578],[69.963,22.576],[69.957,22.561],[69.957,22.551],[69.964,22.545],[69.975,22.548],[69.986,22.547],[69.999,22.553],[70.007,22.554],[70.027,22.568],[70.028,22.575],[70.025,22.586],[70.009,22.593]]],[[[69.948,22.606],[69.949,22.599],[69.957,22.595],[69.964,22.599],[69.958,22.604],[69.948,22.606]]],[[[70.455,22.996],[70.434,22.982],[70.439,22.978],[70.455,22.99],[70.455,22.996]]],[[[70.442,23.05],[70.429,23.047],[70.418,23.035],[70.419,23.027],[70.43,23.035],[70.442,23.05]]],[[[70.448,23.052],[70.445,23.05],[70.432,23.035],[70.42,23.027],[70.413,23.017],[70.41,22.998],[70.414,22.99],[70.425,23],[70.438,23.021],[70.448,23.052]]],[[[70.482,23.065],[70.465,23.056],[70.453,23.043],[70.447,23.028],[70.45,23.025],[70.458,23.039],[70.47,23.051],[70.478,23.057],[70.482,23.065]]],[[[68.609,23.231],[68.606,23.222],[68.613,23.222],[68.609,23.231]]],[[[68.558,23.314],[68.556,23.312],[68.553,23.298],[68.56,23.287],[68.566,23.286],[68.563,23.278],[68.558,23.274],[68.546,23.283],[68.54,23.284],[68.538,23.271],[68.54,23.267],[68.557,23.256],[68.559,23.253],[68.575,23.249],[68.58,23.252],[68.572,23.261],[68.588,23.264],[68.592,23.267],[68.606,23.268],[68.615,23.272],[68.61,23.284],[68.612,23.292],[68.605,23.299],[68.595,23.3],[68.582,23.31],[68.58,23.302],[68.572,23.304],[68.565,23.302],[68.558,23.314]]],[[[68.588,23.319],[68.583,23.315],[68.6,23.301],[68.615,23.298],[68.617,23.303],[68.609,23.313],[68.588,23.319]]],[[[68.506,23.342],[68.503,23.34],[68.505,23.327],[68.512,23.318],[68.536,23.317],[68.534,23.325],[68.529,23.326],[68.528,23.337],[68.519,23.342],[68.513,23.339],[68.506,23.342]]],[[[68.589,23.374],[68.571,23.374],[68.574,23.361],[68.584,23.353],[68.594,23.339],[68.603,23.343],[68.62,23.331],[68.62,23.337],[68.617,23.347],[68.618,23.354],[68.611,23.358],[68.607,23.353],[68.6,23.358],[68.595,23.369],[68.589,23.374]]],[[[68.537,23.405],[68.539,23.397],[68.546,23.397],[68.552,23.387],[68.557,23.37],[68.551,23.37],[68.553,23.36],[68.559,23.363],[68.567,23.377],[68.559,23.382],[68.553,23.392],[68.555,23.397],[68.542,23.405],[68.537,23.405]]],[[[68.507,23.457],[68.503,23.448],[68.504,23.431],[68.521,23.437],[68.519,23.449],[68.507,23.457]]],[[[68.473,23.48],[68.46,23.477],[68.457,23.471],[68.444,23.467],[68.442,23.455],[68.438,23.454],[68.435,23.441],[68.429,23.441],[68.426,23.446],[68.412,23.443],[68.414,23.43],[68.42,23.433],[68.435,23.433],[68.442,23.444],[68.449,23.45],[68.462,23.453],[68.46,23.433],[68.465,23.422],[68.458,23.418],[68.466,23.412],[68.467,23.406],[68.478,23.403],[68.485,23.405],[68.49,23.427],[68.49,23.445],[68.495,23.457],[68.487,23.466],[68.487,23.473],[68.473,23.48]]],[[[68.498,23.489],[68.487,23.486],[68.482,23.478],[68.488,23.473],[68.498,23.48],[68.498,23.489]]],[[[68.467,23.498],[68.464,23.489],[68.459,23.487],[68.46,23.48],[68.471,23.48],[68.473,23.487],[68.467,23.498]]],[[[68.481,23.501],[68.473,23.496],[68.474,23.481],[68.481,23.478],[68.487,23.486],[68.486,23.495],[68.481,23.501]]],[[[68.48,23.555],[68.47,23.553],[68.469,23.549],[68.457,23.542],[68.463,23.535],[68.475,23.538],[68.48,23.546],[68.48,23.555]]],[[[68.482,23.597],[68.481,23.591],[68.478,23.59],[68.473,23.593],[68.468,23.592],[68.462,23.583],[68.464,23.576],[68.456,23.572],[68.451,23.565],[68.442,23.563],[68.434,23.555],[68.435,23.547],[68.43,23.543],[68.43,23.524],[68.438,23.523],[68.443,23.536],[68.454,23.546],[68.466,23.552],[68.475,23.559],[68.473,23.563],[68.485,23.575],[68.486,23.588],[68.482,23.597]]],[[[68.458,23.6],[68.452,23.595],[68.457,23.588],[68.451,23.573],[68.462,23.577],[68.462,23.583],[68.467,23.592],[68.466,23.598],[68.458,23.6]]],[[[68.456,23.625],[68.451,23.624],[68.435,23.616],[68.441,23.603],[68.439,23.589],[68.446,23.588],[68.448,23.6],[68.455,23.604],[68.467,23.602],[68.465,23.623],[68.456,23.625]]],[[[68.485,23.628],[68.48,23.62],[68.47,23.616],[68.47,23.605],[68.467,23.597],[68.468,23.593],[68.473,23.594],[68.48,23.591],[68.48,23.598],[68.478,23.6],[68.478,23.606],[68.49,23.603],[68.49,23.624],[68.485,23.628]]],[[[68.467,23.74],[68.459,23.737],[68.459,23.725],[68.467,23.728],[68.487,23.728],[68.487,23.731],[68.467,23.74]]],[[[68.217,23.779],[68.215,23.768],[68.217,23.756],[68.224,23.762],[68.223,23.772],[68.217,23.779]]],[[[68.349,23.8],[68.342,23.789],[68.348,23.783],[68.349,23.8]]],[[[68.358,23.805],[68.35,23.801],[68.349,23.782],[68.34,23.765],[68.335,23.759],[68.339,23.752],[68.338,23.73],[68.321,23.72],[68.315,23.714],[68.312,23.702],[68.307,23.693],[68.292,23.678],[68.281,23.67],[68.28,23.663],[68.273,23.659],[68.269,23.65],[68.253,23.647],[68.24,23.647],[68.236,23.641],[68.229,23.642],[68.222,23.647],[68.218,23.643],[68.207,23.642],[68.205,23.648],[68.196,23.638],[68.186,23.624],[68.187,23.611],[68.195,23.604],[68.198,23.597],[68.205,23.602],[68.215,23.601],[68.224,23.604],[68.226,23.598],[68.22,23.591],[68.231,23.589],[68.243,23.594],[68.24,23.6],[68.244,23.607],[68.255,23.601],[68.264,23.602],[68.269,23.608],[68.268,23.621],[68.273,23.621],[68.276,23.613],[68.284,23.611],[68.286,23.605],[68.282,23.598],[68.274,23.594],[68.279,23.584],[68.295,23.579],[68.307,23.587],[68.315,23.583],[68.318,23.589],[68.33,23.589],[68.347,23.598],[68.351,23.605],[68.348,23.616],[68.353,23.617],[68.359,23.628],[68.372,23.635],[68.375,23.643],[68.381,23.644],[68.391,23.655],[68.406,23.693],[68.408,23.702],[68.415,23.713],[68.418,23.724],[68.416,23.753],[68.419,23.77],[68.425,23.777],[68.426,23.796],[68.412,23.793],[68.407,23.788],[68.398,23.785],[68.377,23.792],[68.364,23.803],[68.358,23.805]]],[[[68.308,23.824],[68.304,23.823],[68.29,23.817],[68.297,23.812],[68.298,23.804],[68.278,23.797],[68.273,23.793],[68.272,23.78],[68.264,23.76],[68.269,23.752],[68.263,23.738],[68.265,23.727],[68.257,23.716],[68.268,23.705],[68.286,23.714],[68.295,23.726],[68.324,23.734],[68.315,23.765],[68.314,23.779],[68.315,23.789],[68.322,23.803],[68.313,23.822],[68.308,23.824]]],[[[68.498,23.831],[68.49,23.83],[68.479,23.823],[68.464,23.82],[68.455,23.815],[68.454,23.809],[68.448,23.806],[68.45,23.791],[68.455,23.786],[68.456,23.774],[68.448,23.759],[68.437,23.743],[68.448,23.741],[68.465,23.743],[68.477,23.741],[68.483,23.753],[68.488,23.748],[68.488,23.737],[68.495,23.737],[68.5,23.743],[68.517,23.755],[68.522,23.775],[68.516,23.779],[68.512,23.789],[68.515,23.796],[68.523,23.804],[68.508,23.826],[68.498,23.831]]],[[[68.396,23.878],[68.39,23.875],[68.377,23.873],[68.374,23.86],[68.371,23.856],[68.357,23.85],[68.343,23.837],[68.348,23.825],[68.347,23.818],[68.326,23.799],[68.328,23.789],[68.336,23.798],[68.349,23.809],[68.357,23.811],[68.37,23.81],[68.377,23.797],[68.39,23.791],[68.4,23.79],[68.412,23.797],[68.418,23.806],[68.425,23.81],[68.43,23.822],[68.439,23.834],[68.438,23.839],[68.429,23.848],[68.425,23.855],[68.425,23.865],[68.417,23.871],[68.409,23.872],[68.396,23.878]]],[[[68.248,23.88],[68.216,23.867],[68.216,23.848],[68.224,23.847],[68.233,23.842],[68.238,23.851],[68.251,23.862],[68.255,23.874],[68.248,23.88]]],[[[68.449,23.938],[68.441,23.935],[68.427,23.933],[68.42,23.921],[68.405,23.912],[68.386,23.906],[68.368,23.907],[68.356,23.903],[68.35,23.891],[68.356,23.876],[68.356,23.86],[68.35,23.846],[68.372,23.86],[68.376,23.875],[68.388,23.876],[68.396,23.88],[68.411,23.873],[68.417,23.872],[68.427,23.865],[68.442,23.87],[68.446,23.879],[68.452,23.882],[68.448,23.893],[68.452,23.913],[68.449,23.919],[68.453,23.923],[68.456,23.934],[68.449,23.938]]],[[[68.535,23.946],[68.525,23.941],[68.531,23.933],[68.534,23.924],[68.53,23.917],[68.513,23.903],[68.508,23.903],[68.5,23.897],[68.487,23.891],[68.49,23.867],[68.508,23.864],[68.516,23.857],[68.521,23.857],[68.533,23.876],[68.538,23.867],[68.545,23.872],[68.567,23.899],[68.567,23.903],[68.582,23.915],[68.588,23.922],[68.58,23.923],[68.562,23.923],[68.558,23.923],[68.559,23.928],[68.557,23.932],[68.542,23.934],[68.535,23.946]]],[[[68.498,23.967],[68.444,23.968],[68.437,23.957],[68.428,23.937],[68.442,23.936],[68.448,23.94],[68.461,23.933],[68.456,23.929],[68.451,23.918],[68.454,23.916],[68.453,23.899],[68.451,23.894],[68.454,23.882],[68.445,23.876],[68.445,23.871],[68.439,23.866],[68.428,23.862],[68.431,23.853],[68.445,23.85],[68.464,23.86],[68.472,23.862],[68.48,23.89],[68.488,23.902],[68.502,23.907],[68.518,23.924],[68.517,23.942],[68.503,23.946],[68.496,23.96],[68.498,23.967]]],[[[68.358,23.975],[68.348,23.963],[68.345,23.953],[68.347,23.937],[68.342,23.925],[68.335,23.918],[68.326,23.914],[68.32,23.915],[68.297,23.921],[68.283,23.92],[68.279,23.916],[68.275,23.898],[68.267,23.892],[68.258,23.88],[68.259,23.872],[68.254,23.859],[68.241,23.85],[68.235,23.836],[68.216,23.836],[68.211,23.828],[68.209,23.811],[68.215,23.794],[68.218,23.781],[68.225,23.774],[68.226,23.763],[68.219,23.755],[68.213,23.757],[68.203,23.75],[68.193,23.731],[68.2,23.721],[68.207,23.708],[68.22,23.7],[68.228,23.701],[68.227,23.69],[68.238,23.681],[68.256,23.68],[68.265,23.688],[68.267,23.696],[68.255,23.712],[68.254,23.719],[68.261,23.725],[68.261,23.738],[68.266,23.746],[68.262,23.76],[68.27,23.781],[68.274,23.797],[68.296,23.804],[68.296,23.81],[68.289,23.815],[68.289,23.817],[68.294,23.821],[68.306,23.825],[68.315,23.824],[68.32,23.808],[68.338,23.819],[68.336,23.839],[68.348,23.862],[68.348,23.876],[68.342,23.89],[68.345,23.901],[68.35,23.908],[68.363,23.914],[68.384,23.915],[68.403,23.921],[68.409,23.924],[68.419,23.934],[68.426,23.953],[68.432,23.96],[68.434,23.967],[68.401,23.965],[68.38,23.968],[68.375,23.967],[68.358,23.975]]],[[[74.688,13.653],[74.69,13.661],[74.678,13.667],[74.679,13.654],[74.688,13.653]]],[[[74.47,14.276],[74.459,14.272],[74.474,14.266],[74.482,14.265],[74.481,14.274],[74.47,14.276]]],[[[74.399,14.461],[74.402,14.463],[74.401,14.473],[74.396,14.477],[74.39,14.475],[74.392,14.463],[74.399,14.461]]],[[[74.101,11.204],[74.113,11.211],[74.121,11.224],[74.123,11.235],[74.122,11.245],[74.118,11.258],[74.108,11.275],[74.09,11.298],[74.073,11.315],[74.05,11.331],[74.012,11.349],[74,11.352],[73.991,11.352],[73.978,11.348],[73.967,11.337],[73.963,11.322],[73.965,11.306],[73.969,11.295],[73.978,11.28],[73.996,11.256],[74.012,11.241],[74.052,11.213],[74.066,11.207],[74.082,11.203],[74.101,11.204]]],[[[71.845,11.835],[71.84,11.843],[71.832,11.883],[71.831,11.893],[71.817,11.927],[71.808,11.94],[71.804,11.954],[71.801,11.97],[71.795,11.987],[71.786,12.002],[71.773,12.004],[71.761,11.992],[71.756,11.984],[71.734,11.961],[71.732,11.957],[71.733,11.947],[71.738,11.94],[71.75,11.931],[71.755,11.917],[71.758,11.9],[71.761,11.872],[71.772,11.854],[71.774,11.845],[71.782,11.835],[71.796,11.831],[71.815,11.831],[71.84,11.821],[71.846,11.827],[71.845,11.835]]],[[[72.265,10.011],[72.285,10.024],[72.301,10.03],[72.312,10.045],[72.323,10.056],[72.326,10.067],[72.334,10.079],[72.342,10.099],[72.338,10.111],[72.334,10.131],[72.33,10.139],[72.323,10.137],[72.313,10.121],[72.276,10.093],[72.269,10.077],[72.26,10.072],[72.245,10.056],[72.241,10.049],[72.235,10.017],[72.241,10.008],[72.252,10.01],[72.265,10.011]]],[[[72.179,11.491],[72.195,11.496],[72.197,11.502],[72.192,11.519],[72.192,11.534],[72.19,11.552],[72.194,11.571],[72.195,11.591],[72.191,11.6],[72.176,11.607],[72.166,11.602],[72.161,11.591],[72.151,11.579],[72.146,11.567],[72.137,11.552],[72.139,11.524],[72.146,11.511],[72.147,11.503],[72.154,11.496],[72.161,11.493],[72.179,11.491]]],[[[72.096,11.192],[72.102,11.208],[72.103,11.218],[72.098,11.222],[72.09,11.209],[72.078,11.198],[72.067,11.193],[72.038,11.189],[72.025,11.188],[72.01,11.194],[72.001,11.192],[72.025,11.161],[72.038,11.137],[72.043,11.128],[72.051,11.122],[72.06,11.122],[72.076,11.129],[72.083,11.142],[72.088,11.164],[72.096,11.192]]],[[[71.901,12.285],[71.907,12.289],[71.92,12.316],[71.923,12.338],[71.926,12.346],[71.926,12.378],[71.92,12.388],[71.914,12.391],[71.897,12.403],[71.885,12.4],[71.88,12.394],[71.884,12.354],[71.883,12.336],[71.89,12.32],[71.891,12.312],[71.889,12.301],[71.891,12.288],[71.901,12.285]]],[[[73.063,8.329],[73.053,8.329],[73.039,8.321],[73.031,8.315],[73.01,8.303],[73.007,8.298],[73.008,8.275],[73.016,8.266],[73.04,8.26],[73.05,8.262],[73.054,8.268],[73.07,8.283],[73.068,8.298],[73.08,8.32],[73.085,8.322],[73.081,8.329],[73.063,8.329]]],[[[73.646,10.053],[73.65,10.061],[73.649,10.079],[73.654,10.106],[73.657,10.116],[73.664,10.129],[73.666,10.138],[73.661,10.155],[73.659,10.155],[73.644,10.136],[73.635,10.12],[73.626,10.113],[73.62,10.103],[73.622,10.078],[73.622,10.075],[73.64,10.055],[73.646,10.053]]],[[[72.647,10.578],[72.639,10.582],[72.633,10.578],[72.615,10.553],[72.615,10.542],[72.62,10.539],[72.625,10.545],[72.638,10.555],[72.651,10.561],[72.652,10.573],[72.647,10.578]]],[[[73.67,10.817],[73.661,10.816],[73.659,10.809],[73.663,10.802],[73.678,10.801],[73.704,10.811],[73.7,10.816],[73.67,10.817]]],[[[72.17,10.809],[72.177,10.816],[72.187,10.838],[72.2,10.858],[72.208,10.875],[72.203,10.878],[72.195,10.87],[72.189,10.849],[72.178,10.827],[72.169,10.814],[72.17,10.809]]],[[[72.791,11.259],[72.788,11.257],[72.78,11.24],[72.776,11.225],[72.763,11.19],[72.777,11.212],[72.785,11.239],[72.791,11.253],[72.791,11.259]]],[[[73.009,11.467],[73.013,11.471],[73.011,11.488],[73.006,11.496],[72.997,11.492],[73,11.478],[73.004,11.471],[73.009,11.467]]],[[[72.719,11.695],[72.716,11.704],[72.708,11.7],[72.7,11.688],[72.701,11.684],[72.709,11.679],[72.716,11.688],[72.719,11.695]]],[[[72.722,11.112],[72.733,11.125],[72.735,11.135],[72.729,11.135],[72.722,11.13],[72.717,11.12],[72.722,11.112]]],[[[72.291,10.945],[72.285,10.936],[72.294,10.935],[72.291,10.945]]],[[[73.463,16.037],[73.461,16.046],[73.455,16.046],[73.456,16.038],[73.463,16.037]]],[[[78.577,9.099],[78.583,9.103],[78.582,9.112],[78.573,9.109],[78.567,9.102],[78.577,9.099]]],[[[79.467,9.125],[79.466,9.134],[79.457,9.131],[79.457,9.126],[79.467,9.125]]],[[[79.437,9.147],[79.438,9.155],[79.429,9.153],[79.437,9.147]]],[[[78.939,9.187],[78.917,9.186],[78.908,9.183],[78.905,9.177],[78.919,9.176],[78.936,9.18],[78.939,9.187]]],[[[78.968,9.181],[78.973,9.183],[78.969,9.191],[78.963,9.188],[78.968,9.181]]],[[[79.087,9.193],[79.088,9.198],[79.071,9.206],[79.063,9.204],[79.062,9.199],[79.081,9.192],[79.087,9.193]]],[[[79.133,9.21],[79.135,9.215],[79.127,9.219],[79.122,9.213],[79.133,9.21]]],[[[79.327,9.297],[79.334,9.303],[79.333,9.313],[79.325,9.321],[79.317,9.325],[79.298,9.32],[79.29,9.316],[79.28,9.302],[79.271,9.293],[79.26,9.291],[79.233,9.294],[79.211,9.289],[79.206,9.285],[79.206,9.278],[79.215,9.274],[79.22,9.258],[79.228,9.257],[79.235,9.261],[79.262,9.261],[79.273,9.258],[79.309,9.243],[79.331,9.231],[79.362,9.208],[79.373,9.202],[79.388,9.19],[79.401,9.183],[79.426,9.173],[79.417,9.184],[79.388,9.207],[79.355,9.231],[79.335,9.252],[79.317,9.275],[79.327,9.297]]],[[[80.319,13.414],[80.321,13.423],[80.313,13.422],[80.314,13.415],[80.319,13.414]]],[[[88.498,21.6],[88.493,21.598],[88.486,21.588],[88.481,21.567],[88.481,21.555],[88.494,21.55],[88.497,21.545],[88.506,21.541],[88.519,21.54],[88.531,21.542],[88.529,21.555],[88.533,21.561],[88.53,21.572],[88.534,21.578],[88.53,21.583],[88.503,21.594],[88.498,21.6]]],[[[88.178,21.601],[88.17,21.6],[88.168,21.592],[88.171,21.585],[88.174,21.567],[88.18,21.561],[88.187,21.56],[88.186,21.577],[88.178,21.592],[88.178,21.601]]],[[[88.835,21.607],[88.831,21.604],[88.832,21.59],[88.828,21.577],[88.836,21.56],[88.842,21.555],[88.854,21.55],[88.875,21.549],[88.892,21.55],[88.9,21.552],[88.904,21.559],[88.893,21.579],[88.88,21.586],[88.876,21.592],[88.858,21.598],[88.842,21.601],[88.835,21.607]]],[[[88.729,21.637],[88.72,21.638],[88.713,21.625],[88.708,21.59],[88.714,21.578],[88.726,21.573],[88.741,21.573],[88.747,21.578],[88.747,21.589],[88.757,21.6],[88.751,21.604],[88.736,21.61],[88.733,21.618],[88.734,21.623],[88.729,21.637]]],[[[88.537,21.639],[88.525,21.653],[88.52,21.644],[88.52,21.636],[88.524,21.627],[88.512,21.609],[88.51,21.601],[88.524,21.596],[88.537,21.588],[88.543,21.573],[88.544,21.567],[88.55,21.564],[88.558,21.569],[88.566,21.569],[88.576,21.574],[88.587,21.588],[88.588,21.601],[88.584,21.611],[88.572,21.623],[88.558,21.632],[88.548,21.632],[88.537,21.639]]],[[[88.774,21.648],[88.77,21.656],[88.749,21.646],[88.736,21.645],[88.73,21.641],[88.73,21.634],[88.736,21.624],[88.735,21.615],[88.738,21.61],[88.753,21.605],[88.758,21.601],[88.757,21.596],[88.75,21.592],[88.749,21.579],[88.752,21.577],[88.764,21.576],[88.776,21.58],[88.788,21.581],[88.798,21.592],[88.794,21.6],[88.774,21.62],[88.771,21.635],[88.775,21.643],[88.774,21.648]]],[[[88.966,21.642],[88.962,21.647],[88.962,21.664],[88.954,21.677],[88.94,21.647],[88.953,21.628],[88.959,21.622],[88.956,21.617],[88.971,21.613],[88.988,21.613],[88.993,21.617],[88.995,21.626],[88.993,21.642],[88.988,21.645],[88.979,21.644],[88.969,21.64],[88.966,21.642]]],[[[88.634,21.657],[88.639,21.668],[88.635,21.675],[88.63,21.665],[88.634,21.657]]],[[[88.577,21.692],[88.568,21.689],[88.571,21.677],[88.571,21.666],[88.565,21.658],[88.555,21.647],[88.554,21.641],[88.558,21.635],[88.573,21.631],[88.592,21.618],[88.603,21.621],[88.599,21.641],[88.593,21.654],[88.586,21.658],[88.584,21.673],[88.577,21.692]]],[[[88.592,21.694],[88.592,21.691],[88.581,21.684],[88.587,21.668],[88.589,21.657],[88.597,21.663],[88.604,21.671],[88.606,21.68],[88.602,21.686],[88.592,21.694]]],[[[88.984,21.706],[88.972,21.698],[88.966,21.7],[88.952,21.701],[88.954,21.679],[88.958,21.676],[88.963,21.663],[88.965,21.644],[88.971,21.642],[88.978,21.645],[88.988,21.646],[88.993,21.643],[88.998,21.622],[88.998,21.605],[89,21.602],[89.017,21.602],[89.029,21.605],[89.037,21.615],[89.036,21.624],[89.025,21.632],[89.021,21.642],[89.022,21.655],[89.011,21.651],[88.994,21.649],[88.988,21.653],[88.987,21.665],[88.993,21.671],[88.993,21.687],[88.989,21.702],[88.984,21.706]]],[[[88.807,21.707],[88.792,21.703],[88.779,21.696],[88.765,21.693],[88.76,21.683],[88.744,21.683],[88.741,21.689],[88.737,21.688],[88.731,21.686],[88.732,21.683],[88.749,21.673],[88.759,21.663],[88.771,21.666],[88.777,21.664],[88.789,21.658],[88.797,21.656],[88.807,21.664],[88.81,21.683],[88.81,21.704],[88.807,21.707]]],[[[88.311,21.706],[88.305,21.708],[88.301,21.702],[88.312,21.688],[88.316,21.678],[88.317,21.665],[88.313,21.65],[88.306,21.629],[88.308,21.611],[88.312,21.608],[88.323,21.616],[88.337,21.621],[88.348,21.636],[88.354,21.649],[88.346,21.662],[88.35,21.666],[88.351,21.678],[88.346,21.689],[88.329,21.705],[88.311,21.706]]],[[[88.454,21.709],[88.443,21.709],[88.437,21.706],[88.429,21.696],[88.42,21.69],[88.421,21.651],[88.437,21.634],[88.442,21.623],[88.451,21.621],[88.459,21.642],[88.459,21.649],[88.463,21.655],[88.466,21.669],[88.471,21.674],[88.454,21.709]]],[[[88.697,21.713],[88.694,21.699],[88.687,21.684],[88.701,21.666],[88.706,21.665],[88.713,21.652],[88.725,21.638],[88.737,21.646],[88.746,21.646],[88.741,21.654],[88.721,21.671],[88.713,21.676],[88.703,21.687],[88.7,21.695],[88.697,21.713]]],[[[88.205,21.721],[88.188,21.708],[88.181,21.689],[88.183,21.672],[88.193,21.644],[88.195,21.633],[88.205,21.61],[88.21,21.613],[88.214,21.625],[88.232,21.641],[88.225,21.671],[88.216,21.67],[88.2,21.675],[88.194,21.688],[88.198,21.694],[88.217,21.701],[88.214,21.709],[88.205,21.721]]],[[[89.059,21.722],[89.037,21.721],[89.022,21.715],[89.018,21.708],[89.026,21.688],[89.024,21.669],[89.021,21.662],[89.027,21.659],[89.029,21.652],[89.026,21.644],[89.028,21.635],[89.034,21.634],[89.049,21.62],[89.055,21.618],[89.068,21.62],[89.086,21.63],[89.093,21.637],[89.095,21.651],[89.092,21.667],[89.085,21.678],[89.073,21.69],[89.071,21.702],[89.065,21.715],[89.059,21.722]]],[[[88.978,21.727],[88.971,21.721],[88.985,21.711],[88.993,21.7],[88.993,21.683],[88.996,21.673],[88.99,21.665],[88.99,21.655],[88.993,21.651],[89.008,21.652],[89.018,21.661],[89.024,21.687],[89.02,21.699],[89.009,21.702],[89.009,21.709],[89.018,21.71],[89.015,21.718],[89.006,21.715],[88.999,21.716],[88.994,21.722],[88.978,21.727]]],[[[88.546,21.736],[88.535,21.732],[88.526,21.717],[88.517,21.712],[88.523,21.697],[88.527,21.692],[88.533,21.666],[88.528,21.656],[88.531,21.65],[88.541,21.64],[88.552,21.637],[88.555,21.652],[88.568,21.665],[88.569,21.677],[88.565,21.687],[88.566,21.693],[88.577,21.693],[88.58,21.685],[88.591,21.691],[88.586,21.699],[88.586,21.711],[88.577,21.719],[88.571,21.733],[88.559,21.73],[88.555,21.735],[88.546,21.736]]],[[[88.883,21.745],[88.872,21.721],[88.871,21.705],[88.873,21.694],[88.883,21.68],[88.886,21.661],[88.894,21.653],[88.905,21.65],[88.91,21.641],[88.922,21.633],[88.926,21.647],[88.937,21.671],[88.942,21.69],[88.936,21.702],[88.923,21.707],[88.918,21.712],[88.914,21.726],[88.905,21.73],[88.898,21.737],[88.883,21.745]]],[[[88.412,21.731],[88.402,21.738],[88.4,21.743],[88.401,21.75],[88.395,21.755],[88.391,21.739],[88.387,21.734],[88.37,21.729],[88.371,21.724],[88.386,21.726],[88.395,21.725],[88.402,21.72],[88.404,21.711],[88.399,21.699],[88.383,21.686],[88.38,21.681],[88.382,21.665],[88.387,21.647],[88.383,21.63],[88.39,21.619],[88.387,21.613],[88.393,21.603],[88.402,21.596],[88.407,21.6],[88.406,21.608],[88.408,21.617],[88.413,21.621],[88.424,21.619],[88.432,21.628],[88.425,21.639],[88.418,21.644],[88.411,21.66],[88.414,21.671],[88.412,21.68],[88.413,21.691],[88.418,21.697],[88.429,21.703],[88.422,21.719],[88.412,21.731]]],[[[88.221,21.762],[88.217,21.762],[88.214,21.751],[88.214,21.739],[88.211,21.726],[88.212,21.72],[88.22,21.708],[88.221,21.702],[88.216,21.695],[88.201,21.691],[88.199,21.683],[88.209,21.674],[88.226,21.675],[88.233,21.669],[88.232,21.656],[88.237,21.645],[88.235,21.635],[88.217,21.62],[88.217,21.615],[88.233,21.608],[88.246,21.591],[88.245,21.583],[88.241,21.575],[88.248,21.564],[88.258,21.56],[88.271,21.558],[88.288,21.564],[88.292,21.563],[88.306,21.58],[88.305,21.586],[88.289,21.596],[88.288,21.613],[88.293,21.637],[88.312,21.672],[88.309,21.679],[88.297,21.694],[88.284,21.707],[88.272,21.728],[88.261,21.732],[88.272,21.752],[88.267,21.756],[88.252,21.756],[88.229,21.762],[88.221,21.762]]],[[[88.927,21.762],[88.926,21.757],[88.931,21.736],[88.923,21.721],[88.947,21.706],[88.95,21.702],[88.967,21.702],[88.972,21.699],[88.984,21.706],[88.971,21.718],[88.969,21.723],[88.977,21.734],[88.987,21.74],[88.983,21.746],[88.97,21.739],[88.965,21.743],[88.965,21.75],[88.948,21.758],[88.927,21.762]]],[[[88.365,21.764],[88.352,21.764],[88.343,21.754],[88.344,21.742],[88.349,21.727],[88.347,21.721],[88.338,21.71],[88.35,21.694],[88.358,21.687],[88.366,21.687],[88.369,21.693],[88.385,21.701],[88.398,21.713],[88.393,21.718],[88.378,21.718],[88.365,21.722],[88.364,21.73],[88.36,21.734],[88.36,21.745],[88.366,21.756],[88.365,21.764]]],[[[89.005,21.765],[89,21.764],[89.002,21.75],[89.015,21.734],[89.021,21.717],[89.038,21.723],[89.058,21.725],[89.056,21.73],[89.039,21.742],[89.025,21.757],[89.013,21.765],[89.005,21.765]]],[[[88.832,21.766],[88.813,21.751],[88.803,21.747],[88.791,21.749],[88.787,21.741],[88.791,21.735],[88.782,21.733],[88.783,21.721],[88.778,21.712],[88.763,21.704],[88.772,21.701],[88.784,21.71],[88.804,21.717],[88.815,21.71],[88.819,21.703],[88.817,21.691],[88.823,21.671],[88.821,21.658],[88.809,21.64],[88.815,21.629],[88.825,21.627],[88.84,21.62],[88.851,21.626],[88.86,21.637],[88.86,21.643],[88.855,21.656],[88.845,21.674],[88.841,21.689],[88.84,21.716],[88.849,21.738],[88.865,21.756],[88.861,21.762],[88.832,21.766]]],[[[88.385,21.764],[88.381,21.767],[88.373,21.764],[88.361,21.747],[88.361,21.735],[88.364,21.732],[88.372,21.737],[88.381,21.737],[88.387,21.742],[88.39,21.759],[88.385,21.764]]],[[[87.945,21.745],[87.96,21.756],[87.96,21.77],[87.952,21.768],[87.935,21.747],[87.945,21.745]]],[[[87.884,21.745],[87.899,21.761],[87.904,21.768],[87.901,21.772],[87.883,21.757],[87.879,21.749],[87.884,21.745]]],[[[88.582,21.778],[88.569,21.769],[88.58,21.756],[88.584,21.745],[88.58,21.726],[88.592,21.719],[88.598,21.723],[88.616,21.727],[88.62,21.737],[88.616,21.741],[88.598,21.747],[88.587,21.752],[88.584,21.761],[88.585,21.775],[88.582,21.778]]],[[[88.302,21.725],[88.306,21.732],[88.303,21.753],[88.299,21.767],[88.289,21.778],[88.287,21.772],[88.285,21.753],[88.277,21.739],[88.278,21.728],[88.295,21.707],[88.301,21.714],[88.302,21.725]]],[[[89,21.785],[88.99,21.789],[88.975,21.775],[88.967,21.772],[88.963,21.766],[88.952,21.757],[88.962,21.755],[88.967,21.75],[88.97,21.74],[88.984,21.748],[88.989,21.74],[88.977,21.729],[88.994,21.723],[89,21.717],[89.005,21.716],[89.015,21.719],[89.015,21.727],[89.012,21.735],[89.004,21.742],[88.999,21.752],[88.997,21.771],[89.007,21.776],[89.012,21.78],[89,21.785]]],[[[88.61,21.79],[88.602,21.79],[88.593,21.785],[88.589,21.78],[88.586,21.757],[88.602,21.748],[88.613,21.746],[88.621,21.74],[88.623,21.732],[88.619,21.726],[88.601,21.718],[88.599,21.714],[88.609,21.708],[88.619,21.717],[88.628,21.733],[88.631,21.741],[88.629,21.754],[88.624,21.766],[88.623,21.773],[88.616,21.788],[88.61,21.79]]],[[[88.274,21.791],[88.265,21.788],[88.274,21.776],[88.284,21.77],[88.288,21.781],[88.283,21.789],[88.274,21.791]]],[[[88.459,21.789],[88.448,21.798],[88.443,21.794],[88.441,21.786],[88.436,21.777],[88.425,21.77],[88.423,21.766],[88.427,21.755],[88.423,21.742],[88.43,21.726],[88.427,21.715],[88.433,21.704],[88.441,21.71],[88.455,21.711],[88.457,21.726],[88.462,21.727],[88.467,21.737],[88.466,21.748],[88.469,21.753],[88.47,21.773],[88.475,21.791],[88.467,21.793],[88.464,21.789],[88.459,21.789]]],[[[88.716,21.807],[88.711,21.806],[88.712,21.788],[88.696,21.751],[88.695,21.744],[88.706,21.714],[88.711,21.69],[88.715,21.685],[88.732,21.675],[88.748,21.658],[88.755,21.666],[88.747,21.673],[88.731,21.682],[88.729,21.685],[88.733,21.689],[88.738,21.689],[88.741,21.691],[88.744,21.689],[88.745,21.684],[88.76,21.685],[88.763,21.693],[88.758,21.698],[88.757,21.706],[88.763,21.714],[88.773,21.718],[88.776,21.724],[88.761,21.727],[88.753,21.732],[88.751,21.737],[88.752,21.749],[88.759,21.759],[88.75,21.763],[88.746,21.772],[88.735,21.775],[88.733,21.779],[88.728,21.778],[88.727,21.781],[88.727,21.792],[88.723,21.794],[88.716,21.807]]],[[[88.171,21.809],[88.165,21.8],[88.17,21.791],[88.174,21.801],[88.171,21.809]]],[[[88.545,21.81],[88.541,21.811],[88.529,21.802],[88.516,21.79],[88.505,21.773],[88.504,21.751],[88.512,21.735],[88.516,21.73],[88.518,21.721],[88.525,21.718],[88.533,21.731],[88.542,21.738],[88.553,21.737],[88.561,21.731],[88.573,21.736],[88.572,21.747],[88.562,21.76],[88.563,21.776],[88.573,21.786],[88.569,21.794],[88.553,21.808],[88.545,21.81]]],[[[88.422,21.811],[88.383,21.78],[88.394,21.764],[88.396,21.756],[88.401,21.753],[88.403,21.748],[88.401,21.744],[88.404,21.738],[88.413,21.733],[88.423,21.72],[88.425,21.729],[88.421,21.744],[88.425,21.753],[88.421,21.762],[88.423,21.771],[88.434,21.78],[88.44,21.789],[88.441,21.801],[88.433,21.799],[88.427,21.804],[88.426,21.809],[88.422,21.811]]],[[[89,21.812],[88.994,21.811],[88.994,21.802],[88.99,21.79],[89.01,21.784],[89.013,21.779],[89.011,21.776],[88.998,21.77],[89,21.766],[89.015,21.766],[89.023,21.76],[89.015,21.786],[89.014,21.798],[89.017,21.812],[89,21.812]]],[[[88.751,21.795],[88.748,21.812],[88.738,21.799],[88.728,21.792],[88.728,21.78],[88.734,21.779],[88.736,21.775],[88.746,21.772],[88.756,21.78],[88.752,21.788],[88.751,21.795]]],[[[88.828,21.804],[88.831,21.808],[88.823,21.822],[88.82,21.822],[88.811,21.806],[88.797,21.791],[88.795,21.779],[88.786,21.769],[88.785,21.761],[88.791,21.75],[88.804,21.748],[88.812,21.751],[88.83,21.767],[88.822,21.781],[88.823,21.795],[88.828,21.804]]],[[[88.787,21.745],[88.789,21.75],[88.783,21.759],[88.785,21.773],[88.796,21.786],[88.788,21.794],[88.794,21.802],[88.794,21.81],[88.785,21.824],[88.776,21.816],[88.775,21.806],[88.771,21.799],[88.765,21.784],[88.75,21.769],[88.76,21.766],[88.764,21.758],[88.756,21.75],[88.754,21.743],[88.757,21.733],[88.777,21.731],[88.786,21.736],[88.784,21.742],[88.787,21.745]]],[[[88.916,21.826],[88.903,21.821],[88.895,21.813],[88.886,21.81],[88.884,21.802],[88.891,21.792],[88.898,21.787],[88.901,21.777],[88.895,21.755],[88.906,21.752],[88.913,21.755],[88.912,21.763],[88.919,21.769],[88.918,21.774],[88.923,21.788],[88.918,21.792],[88.928,21.8],[88.927,21.804],[88.937,21.818],[88.935,21.823],[88.92,21.823],[88.916,21.826]]],[[[88.485,21.835],[88.478,21.835],[88.471,21.825],[88.456,21.819],[88.45,21.811],[88.46,21.801],[88.486,21.799],[88.5,21.813],[88.498,21.823],[88.489,21.835],[88.485,21.835]]],[[[88.941,21.847],[88.935,21.845],[88.933,21.837],[88.925,21.835],[88.927,21.823],[88.937,21.823],[88.939,21.817],[88.935,21.814],[88.929,21.8],[88.92,21.792],[88.924,21.788],[88.92,21.775],[88.926,21.767],[88.949,21.764],[88.961,21.773],[88.96,21.776],[88.945,21.779],[88.939,21.789],[88.948,21.805],[88.954,21.808],[88.972,21.805],[88.975,21.823],[88.961,21.823],[88.954,21.826],[88.947,21.839],[88.941,21.847]]],[[[88.592,21.85],[88.586,21.847],[88.581,21.839],[88.576,21.817],[88.585,21.802],[88.597,21.797],[88.613,21.798],[88.612,21.809],[88.608,21.813],[88.609,21.821],[88.618,21.826],[88.616,21.831],[88.605,21.836],[88.601,21.847],[88.592,21.85]]],[[[88.52,21.855],[88.522,21.846],[88.516,21.839],[88.523,21.835],[88.528,21.84],[88.526,21.85],[88.52,21.855]]],[[[88.331,21.861],[88.315,21.858],[88.312,21.854],[88.315,21.845],[88.308,21.83],[88.296,21.824],[88.285,21.823],[88.266,21.814],[88.26,21.807],[88.264,21.794],[88.282,21.791],[88.287,21.787],[88.293,21.776],[88.297,21.776],[88.304,21.761],[88.31,21.731],[88.306,21.718],[88.311,21.711],[88.317,21.709],[88.332,21.711],[88.345,21.722],[88.34,21.74],[88.34,21.751],[88.343,21.76],[88.357,21.767],[88.375,21.767],[88.378,21.769],[88.38,21.787],[88.375,21.792],[88.361,21.796],[88.361,21.806],[88.352,21.82],[88.35,21.83],[88.352,21.839],[88.351,21.855],[88.344,21.856],[88.331,21.861]]],[[[88.856,21.865],[88.846,21.858],[88.839,21.849],[88.838,21.836],[88.841,21.815],[88.839,21.792],[88.835,21.782],[88.843,21.779],[88.862,21.778],[88.875,21.769],[88.879,21.759],[88.879,21.749],[88.913,21.728],[88.922,21.743],[88.918,21.747],[88.899,21.747],[88.893,21.751],[88.891,21.763],[88.897,21.782],[88.886,21.792],[88.88,21.808],[88.883,21.814],[88.879,21.82],[88.88,21.829],[88.875,21.846],[88.877,21.852],[88.861,21.854],[88.856,21.857],[88.856,21.865]]],[[[88.137,21.875],[88.135,21.877],[88.122,21.866],[88.113,21.849],[88.104,21.837],[88.099,21.825],[88.077,21.786],[88.072,21.778],[88.07,21.767],[88.066,21.753],[88.066,21.746],[88.061,21.734],[88.058,21.733],[88.044,21.718],[88.037,21.674],[88.042,21.649],[88.062,21.638],[88.081,21.634],[88.09,21.629],[88.116,21.626],[88.135,21.629],[88.152,21.646],[88.155,21.653],[88.156,21.679],[88.154,21.693],[88.158,21.71],[88.164,21.722],[88.171,21.745],[88.171,21.765],[88.168,21.783],[88.164,21.8],[88.167,21.808],[88.173,21.811],[88.17,21.817],[88.157,21.83],[88.151,21.841],[88.146,21.859],[88.137,21.875]]],[[[88.789,21.879],[88.784,21.874],[88.777,21.865],[88.782,21.862],[88.78,21.857],[88.772,21.854],[88.766,21.831],[88.769,21.827],[88.786,21.826],[88.794,21.813],[88.795,21.791],[88.812,21.809],[88.821,21.825],[88.822,21.841],[88.829,21.863],[88.823,21.871],[88.804,21.867],[88.799,21.871],[88.789,21.863],[88.786,21.868],[88.792,21.873],[88.789,21.879]]],[[[88.979,21.893],[88.969,21.89],[88.98,21.869],[88.977,21.865],[88.965,21.859],[88.951,21.842],[88.95,21.837],[88.956,21.827],[88.972,21.827],[88.98,21.818],[88.976,21.804],[88.967,21.799],[88.956,21.804],[88.951,21.8],[88.943,21.785],[88.959,21.783],[88.968,21.776],[88.973,21.776],[88.985,21.788],[88.992,21.801],[88.992,21.812],[88.997,21.815],[89.008,21.813],[89.02,21.818],[89.028,21.829],[89.031,21.863],[89.026,21.869],[89.014,21.877],[88.984,21.892],[88.979,21.893]]],[[[88.622,21.898],[88.614,21.893],[88.603,21.876],[88.595,21.856],[88.597,21.851],[88.606,21.846],[88.61,21.836],[88.619,21.834],[88.62,21.824],[88.612,21.818],[88.619,21.806],[88.622,21.793],[88.628,21.788],[88.639,21.785],[88.643,21.789],[88.642,21.806],[88.649,21.833],[88.649,21.854],[88.653,21.869],[88.646,21.871],[88.632,21.872],[88.635,21.877],[88.627,21.887],[88.627,21.894],[88.622,21.898]]],[[[88.817,21.901],[88.811,21.896],[88.809,21.882],[88.803,21.879],[88.801,21.87],[88.808,21.868],[88.819,21.872],[88.831,21.866],[88.839,21.878],[88.841,21.887],[88.834,21.895],[88.817,21.901]]],[[[88.562,21.897],[88.548,21.904],[88.541,21.9],[88.549,21.892],[88.55,21.881],[88.541,21.87],[88.543,21.856],[88.531,21.849],[88.534,21.834],[88.545,21.826],[88.553,21.827],[88.563,21.831],[88.573,21.859],[88.573,21.872],[88.576,21.884],[88.571,21.901],[88.562,21.897]]],[[[88.446,21.905],[88.44,21.906],[88.436,21.902],[88.42,21.903],[88.42,21.894],[88.417,21.887],[88.4,21.873],[88.401,21.857],[88.393,21.833],[88.398,21.819],[88.403,21.798],[88.418,21.812],[88.424,21.812],[88.427,21.81],[88.431,21.8],[88.443,21.802],[88.449,21.8],[88.461,21.79],[88.464,21.795],[88.455,21.799],[88.448,21.807],[88.448,21.815],[88.454,21.822],[88.467,21.827],[88.478,21.838],[88.488,21.838],[88.491,21.85],[88.485,21.872],[88.484,21.885],[88.478,21.89],[88.461,21.894],[88.456,21.896],[88.452,21.905],[88.446,21.905]]],[[[88.718,21.907],[88.713,21.887],[88.698,21.86],[88.696,21.842],[88.704,21.819],[88.709,21.81],[88.719,21.807],[88.726,21.794],[88.737,21.799],[88.738,21.804],[88.75,21.816],[88.753,21.814],[88.751,21.801],[88.753,21.789],[88.756,21.781],[88.764,21.788],[88.769,21.803],[88.775,21.81],[88.774,21.816],[88.777,21.822],[88.766,21.826],[88.765,21.838],[88.772,21.856],[88.781,21.859],[88.775,21.865],[88.771,21.876],[88.757,21.879],[88.751,21.887],[88.747,21.897],[88.742,21.899],[88.727,21.899],[88.718,21.907]]],[[[88.505,21.913],[88.489,21.91],[88.478,21.903],[88.477,21.898],[88.49,21.889],[88.499,21.896],[88.509,21.91],[88.505,21.913]]],[[[88.64,21.922],[88.623,21.901],[88.629,21.894],[88.629,21.884],[88.636,21.879],[88.633,21.872],[88.653,21.873],[88.653,21.881],[88.66,21.898],[88.665,21.904],[88.667,21.913],[88.65,21.917],[88.64,21.922]]],[[[88.135,21.927],[88.122,21.924],[88.117,21.914],[88.129,21.899],[88.134,21.902],[88.145,21.915],[88.135,21.927]]],[[[88.837,21.918],[88.822,21.929],[88.822,21.919],[88.826,21.913],[88.835,21.909],[88.849,21.896],[88.854,21.884],[88.854,21.87],[88.86,21.866],[88.857,21.86],[88.861,21.856],[88.878,21.854],[88.878,21.846],[88.882,21.83],[88.881,21.82],[88.89,21.812],[88.903,21.822],[88.914,21.828],[88.924,21.826],[88.923,21.836],[88.931,21.838],[88.933,21.844],[88.938,21.849],[88.939,21.854],[88.946,21.842],[88.948,21.841],[88.955,21.854],[88.964,21.863],[88.977,21.868],[88.967,21.887],[88.966,21.892],[88.972,21.899],[88.945,21.91],[88.932,21.917],[88.924,21.924],[88.915,21.928],[88.905,21.92],[88.887,21.914],[88.873,21.917],[88.857,21.911],[88.849,21.912],[88.837,21.918]]],[[[88.724,21.932],[88.717,21.919],[88.72,21.909],[88.729,21.9],[88.741,21.901],[88.751,21.896],[88.751,21.889],[88.757,21.887],[88.758,21.88],[88.772,21.878],[88.777,21.869],[88.786,21.879],[88.788,21.879],[88.793,21.878],[88.793,21.873],[88.787,21.867],[88.793,21.867],[88.797,21.877],[88.808,21.884],[88.809,21.895],[88.814,21.903],[88.799,21.92],[88.793,21.917],[88.781,21.92],[88.775,21.924],[88.754,21.927],[88.744,21.919],[88.732,21.92],[88.724,21.932]]],[[[88.163,21.937],[88.16,21.929],[88.165,21.916],[88.172,21.929],[88.163,21.937]]],[[[88.745,21.98],[88.725,21.978],[88.723,21.967],[88.724,21.95],[88.722,21.943],[88.733,21.925],[88.741,21.922],[88.747,21.927],[88.762,21.931],[88.776,21.928],[88.789,21.92],[88.799,21.926],[88.805,21.932],[88.805,21.938],[88.792,21.939],[88.787,21.943],[88.784,21.952],[88.776,21.941],[88.76,21.951],[88.75,21.955],[88.749,21.959],[88.755,21.975],[88.745,21.98]]],[[[88.759,21.999],[88.752,21.999],[88.743,21.99],[88.745,21.983],[88.753,21.988],[88.759,21.999]]],[[[88.66,22.019],[88.653,22.019],[88.647,22.006],[88.635,21.996],[88.628,21.968],[88.629,21.957],[88.632,21.953],[88.657,21.954],[88.678,21.943],[88.692,21.956],[88.694,21.964],[88.692,21.97],[88.702,21.986],[88.716,22.001],[88.698,22.006],[88.692,22.011],[88.674,22.019],[88.66,22.019]]],[[[88.141,22.026],[88.126,22.019],[88.094,22.011],[88.077,22],[88.07,21.991],[88.056,21.96],[88.048,21.933],[88.046,21.916],[88.048,21.911],[88.057,21.913],[88.081,21.932],[88.088,21.933],[88.094,21.949],[88.111,21.972],[88.122,21.988],[88.13,22.005],[88.143,22.021],[88.141,22.026]]],[[[88.813,22.019],[88.801,22.03],[88.777,22.015],[88.761,22.015],[88.76,21.996],[88.75,21.982],[88.757,21.973],[88.752,21.959],[88.776,21.943],[88.781,21.951],[88.787,21.955],[88.79,21.952],[88.789,21.943],[88.801,21.942],[88.809,21.939],[88.825,21.94],[88.833,21.935],[88.841,21.925],[88.857,21.919],[88.868,21.922],[88.881,21.923],[88.888,21.921],[88.897,21.923],[88.907,21.93],[88.906,21.952],[88.908,21.969],[88.902,21.987],[88.904,22.007],[88.9,22.013],[88.886,22.011],[88.875,22.012],[88.867,22.024],[88.848,22.018],[88.822,22.022],[88.813,22.019]]],[[[88.764,22.052],[88.754,22.053],[88.752,22.049],[88.759,22.035],[88.762,22.021],[88.778,22.02],[88.791,22.029],[88.79,22.033],[88.78,22.037],[88.78,22.046],[88.775,22.05],[88.764,22.052]]],[[[88.903,22.045],[88.903,22.05],[88.887,22.058],[88.892,22.049],[88.888,22.045],[88.875,22.043],[88.854,22.043],[88.853,22.04],[88.864,22.029],[88.871,22.028],[88.877,22.015],[88.892,22.015],[88.902,22.019],[88.9,22.037],[88.903,22.045]]],[[[89.016,22.051],[89.015,22.056],[89.01,22.053],[89.008,22.051],[89.005,22.054],[89.002,22.059],[88.995,22.055],[88.985,22.055],[88.986,22.049],[88.984,22.044],[88.98,22.04],[88.968,22.016],[88.977,22.008],[88.979,22.001],[88.974,21.995],[88.99,21.986],[88.992,21.974],[89.002,21.984],[89.016,21.984],[89.018,21.976],[89.003,21.96],[88.999,21.95],[89.005,21.943],[89.019,21.937],[89.03,21.926],[89.047,21.929],[89.063,21.935],[89.069,21.948],[89.073,21.971],[89.078,21.986],[89.074,22.004],[89.068,22.014],[89.048,22.035],[89.04,22.049],[89.026,22.052],[89.016,22.051]]],[[[88.812,22.061],[88.806,22.064],[88.802,22.058],[88.798,22.055],[88.792,22.055],[88.787,22.059],[88.785,22.047],[88.78,22.038],[88.795,22.031],[88.806,22.033],[88.813,22.025],[88.832,22.027],[88.831,22.051],[88.819,22.061],[88.812,22.061]]],[[[88.871,22.079],[88.854,22.079],[88.838,22.072],[88.834,22.064],[88.829,22.07],[88.819,22.063],[88.833,22.05],[88.832,22.045],[88.835,22.026],[88.844,22.022],[88.853,22.023],[88.86,22.027],[88.853,22.035],[88.85,22.043],[88.861,22.046],[88.881,22.046],[88.889,22.047],[88.889,22.052],[88.882,22.058],[88.87,22.063],[88.868,22.07],[88.871,22.079]]],[[[88.904,22.084],[88.897,22.089],[88.881,22.084],[88.871,22.087],[88.872,22.063],[88.883,22.059],[88.891,22.06],[88.893,22.073],[88.904,22.084]]],[[[88.722,22.099],[88.709,22.095],[88.692,22.086],[88.695,22.079],[88.706,22.09],[88.722,22.099]]],[[[88.803,22.085],[88.796,22.109],[88.784,22.107],[88.779,22.103],[88.771,22.086],[88.758,22.079],[88.748,22.059],[88.764,22.053],[88.772,22.055],[88.781,22.049],[88.785,22.059],[88.79,22.061],[88.792,22.056],[88.798,22.057],[88.806,22.066],[88.818,22.063],[88.826,22.071],[88.836,22.07],[88.831,22.083],[88.827,22.086],[88.815,22.081],[88.803,22.085]]],[[[88.818,22.123],[88.806,22.125],[88.799,22.112],[88.806,22.085],[88.813,22.082],[88.828,22.088],[88.833,22.083],[88.838,22.073],[88.851,22.079],[88.866,22.081],[88.867,22.089],[88.85,22.103],[88.847,22.117],[88.843,22.122],[88.83,22.125],[88.818,22.123]]],[[[88.865,22.167],[88.853,22.17],[88.848,22.167],[88.856,22.158],[88.86,22.148],[88.857,22.14],[88.848,22.138],[88.835,22.13],[88.846,22.121],[88.85,22.108],[88.854,22.101],[88.872,22.088],[88.883,22.086],[88.896,22.091],[88.908,22.087],[88.917,22.091],[88.923,22.1],[88.923,22.109],[88.918,22.117],[88.908,22.127],[88.902,22.137],[88.9,22.148],[88.886,22.165],[88.881,22.167],[88.865,22.167]]],[[[88.95,22.189],[88.944,22.182],[88.938,22.18],[88.92,22.161],[88.913,22.162],[88.897,22.171],[88.895,22.163],[88.905,22.152],[88.909,22.134],[88.923,22.122],[88.93,22.112],[88.931,22.098],[88.921,22.086],[88.908,22.078],[88.902,22.064],[88.906,22.059],[88.911,22.044],[88.908,22.035],[88.914,22.022],[88.916,22.011],[88.913,21.994],[88.92,21.973],[88.926,21.963],[88.931,21.942],[88.944,21.93],[88.969,21.921],[88.992,21.907],[89.004,21.903],[89.015,21.903],[89.021,21.922],[89.009,21.935],[88.995,21.942],[88.991,21.948],[88.993,21.957],[88.998,21.964],[89.011,21.973],[89.006,21.98],[88.994,21.97],[88.988,21.973],[88.988,21.983],[88.972,21.988],[88.971,21.995],[88.976,22.005],[88.969,22.009],[88.965,22.017],[88.977,22.038],[88.961,22.049],[88.963,22.057],[88.958,22.06],[88.939,22.062],[88.934,22.051],[88.935,22.026],[88.938,22.016],[88.946,22],[88.931,22],[88.924,22.025],[88.924,22.033],[88.922,22.056],[88.926,22.066],[88.936,22.072],[88.956,22.074],[88.964,22.076],[88.97,22.084],[88.974,22.098],[88.982,22.113],[88.986,22.135],[88.985,22.148],[88.975,22.158],[88.967,22.17],[88.961,22.189],[88.95,22.189]]],[[[89.002,22.199],[88.995,22.199],[88.981,22.194],[88.973,22.193],[88.974,22.177],[88.977,22.168],[88.987,22.159],[88.994,22.149],[88.997,22.14],[88.995,22.123],[88.984,22.096],[88.98,22.079],[88.974,22.07],[88.963,22.061],[88.966,22.056],[88.963,22.05],[88.978,22.04],[88.984,22.046],[88.983,22.055],[88.986,22.057],[88.994,22.056],[89.002,22.06],[89.007,22.053],[89.01,22.055],[89.011,22.06],[89.014,22.064],[89.017,22.062],[89.019,22.051],[89.038,22.053],[89.039,22.055],[89.032,22.084],[89.031,22.094],[89.035,22.11],[89.049,22.127],[89.049,22.133],[89.022,22.148],[89.014,22.164],[89.013,22.176],[89.014,22.191],[89.013,22.196],[89.002,22.199]]],[[[88.695,22.209],[88.685,22.208],[88.686,22.199],[88.678,22.184],[88.666,22.173],[88.653,22.163],[88.65,22.147],[88.644,22.131],[88.638,22.122],[88.634,22.106],[88.641,22.094],[88.652,22.081],[88.662,22.052],[88.661,22.039],[88.663,22.024],[88.674,22.023],[88.696,22.014],[88.702,22.007],[88.714,22.009],[88.72,22.006],[88.734,22.011],[88.74,22.02],[88.736,22.032],[88.729,22.038],[88.702,22.049],[88.688,22.06],[88.683,22.07],[88.683,22.08],[88.689,22.09],[88.704,22.101],[88.717,22.108],[88.723,22.113],[88.728,22.124],[88.736,22.133],[88.754,22.145],[88.766,22.146],[88.773,22.155],[88.789,22.169],[88.782,22.176],[88.769,22.18],[88.765,22.192],[88.74,22.197],[88.732,22.194],[88.719,22.198],[88.703,22.207],[88.695,22.209]]],[[[88.845,22.189],[88.838,22.195],[88.836,22.206],[88.826,22.205],[88.839,22.179],[88.841,22.171],[88.833,22.165],[88.823,22.169],[88.813,22.179],[88.806,22.178],[88.791,22.16],[88.781,22.155],[88.779,22.149],[88.766,22.14],[88.758,22.141],[88.747,22.133],[88.746,22.127],[88.735,22.105],[88.721,22.092],[88.703,22.078],[88.705,22.065],[88.712,22.06],[88.726,22.056],[88.739,22.057],[88.741,22.066],[88.75,22.081],[88.758,22.088],[88.769,22.092],[88.772,22.106],[88.778,22.111],[88.795,22.114],[88.798,22.125],[88.81,22.131],[88.821,22.127],[88.828,22.134],[88.839,22.136],[88.85,22.143],[88.845,22.151],[88.851,22.156],[88.843,22.168],[88.852,22.174],[88.863,22.17],[88.868,22.175],[88.864,22.186],[88.864,22.197],[88.857,22.205],[88.852,22.203],[88.851,22.194],[88.845,22.189]]],[[[88.932,22.225],[88.921,22.231],[88.916,22.218],[88.916,22.206],[88.909,22.199],[88.909,22.194],[88.924,22.179],[88.931,22.177],[88.936,22.182],[88.944,22.184],[88.944,22.193],[88.952,22.191],[88.961,22.194],[88.961,22.2],[88.954,22.222],[88.932,22.225]]],[[[88.985,22.382],[88.988,22.393],[88.973,22.405],[88.974,22.397],[88.968,22.388],[88.964,22.367],[88.955,22.361],[88.956,22.344],[88.952,22.332],[88.951,22.298],[88.953,22.29],[88.953,22.276],[88.947,22.256],[88.962,22.242],[88.968,22.215],[88.972,22.21],[88.986,22.206],[88.999,22.211],[89.008,22.211],[89.019,22.207],[89.025,22.197],[89.027,22.187],[89.024,22.165],[89.032,22.155],[89.04,22.15],[89.051,22.147],[89.06,22.137],[89.062,22.128],[89.091,22.146],[89.096,22.154],[89.092,22.157],[89.084,22.149],[89.075,22.145],[89.068,22.149],[89.061,22.167],[89.061,22.175],[89.069,22.19],[89.065,22.201],[89.04,22.222],[89.035,22.234],[89.034,22.255],[89.031,22.258],[89.018,22.251],[89.011,22.256],[89.017,22.269],[88.996,22.283],[88.995,22.295],[89.008,22.299],[89.019,22.296],[89.022,22.299],[89.009,22.315],[88.997,22.323],[88.987,22.322],[88.983,22.326],[88.984,22.334],[88.988,22.35],[88.985,22.357],[88.988,22.365],[88.983,22.371],[88.985,22.382]]],[[[88.862,22.399],[88.856,22.395],[88.856,22.387],[88.859,22.382],[88.861,22.371],[88.865,22.367],[88.874,22.363],[88.881,22.354],[88.893,22.346],[88.899,22.337],[88.903,22.347],[88.898,22.364],[88.884,22.372],[88.875,22.387],[88.868,22.39],[88.862,22.399]]],[[[88.781,22.501],[88.781,22.494],[88.791,22.483],[88.794,22.474],[88.801,22.461],[88.804,22.444],[88.816,22.433],[88.827,22.447],[88.815,22.45],[88.812,22.454],[88.813,22.471],[88.81,22.481],[88.8,22.486],[88.792,22.499],[88.781,22.501]]],[[[88.898,22.549],[88.885,22.55],[88.876,22.54],[88.873,22.532],[88.867,22.53],[88.869,22.525],[88.866,22.521],[88.86,22.518],[88.858,22.512],[88.855,22.509],[88.844,22.507],[88.846,22.502],[88.855,22.502],[88.861,22.499],[88.867,22.486],[88.859,22.483],[88.86,22.469],[88.857,22.455],[88.861,22.447],[88.855,22.436],[88.856,22.423],[88.861,22.413],[88.868,22.412],[88.882,22.403],[88.877,22.388],[88.884,22.376],[88.89,22.376],[88.898,22.386],[88.913,22.393],[88.921,22.399],[88.916,22.407],[88.905,22.412],[88.903,22.422],[88.908,22.434],[88.901,22.445],[88.898,22.459],[88.892,22.466],[88.896,22.472],[88.893,22.487],[88.901,22.497],[88.895,22.501],[88.898,22.509],[88.903,22.508],[88.906,22.521],[88.902,22.527],[88.903,22.537],[88.898,22.549]]],[[[88.92,22.565],[88.896,22.561],[88.895,22.558],[88.902,22.546],[88.905,22.535],[88.904,22.526],[88.914,22.515],[88.914,22.509],[88.907,22.503],[88.906,22.493],[88.896,22.484],[88.899,22.477],[88.895,22.466],[88.903,22.455],[88.904,22.446],[88.919,22.43],[88.919,22.422],[88.908,22.416],[88.918,22.412],[88.926,22.406],[88.926,22.388],[88.916,22.392],[88.902,22.386],[88.896,22.38],[88.9,22.371],[88.902,22.357],[88.905,22.35],[88.907,22.336],[88.919,22.325],[88.928,22.314],[88.932,22.311],[88.943,22.311],[88.947,22.32],[88.946,22.331],[88.951,22.344],[88.949,22.355],[88.964,22.374],[88.965,22.39],[88.97,22.395],[88.963,22.406],[88.969,22.413],[88.982,22.417],[88.988,22.424],[88.997,22.429],[88.989,22.439],[88.988,22.448],[88.992,22.453],[88.995,22.468],[88.978,22.483],[88.971,22.499],[88.965,22.534],[88.961,22.547],[88.956,22.551],[88.935,22.556],[88.92,22.565]]],[[[89.602,25.961],[89.598,25.964],[89.589,25.955],[89.585,25.948],[89.584,25.935],[89.593,25.939],[89.599,25.936],[89.602,25.942],[89.613,25.943],[89.616,25.952],[89.608,25.954],[89.602,25.961]]],[[[88.799,26.207],[88.803,26.213],[88.799,26.226],[88.781,26.238],[88.768,26.234],[88.765,26.229],[88.766,26.22],[88.77,26.209],[88.78,26.201],[88.782,26.195],[88.776,26.186],[88.777,26.177],[88.764,26.174],[88.764,26.163],[88.775,26.164],[88.778,26.159],[88.762,26.148],[88.77,26.142],[88.771,26.131],[88.779,26.13],[88.789,26.132],[88.79,26.141],[88.794,26.144],[88.793,26.154],[88.79,26.163],[88.788,26.174],[88.802,26.192],[88.804,26.204],[88.799,26.207]]],[[[88.69,26.247],[88.684,26.253],[88.673,26.253],[88.672,26.246],[88.682,26.243],[88.68,26.232],[88.688,26.213],[88.694,26.209],[88.712,26.204],[88.708,26.194],[88.708,26.182],[88.718,26.176],[88.719,26.184],[88.73,26.185],[88.732,26.194],[88.723,26.198],[88.724,26.207],[88.719,26.212],[88.719,26.222],[88.722,26.233],[88.712,26.233],[88.711,26.223],[88.699,26.225],[88.69,26.247]]],[[[88.662,26.268],[88.659,26.273],[88.652,26.275],[88.646,26.285],[88.641,26.28],[88.644,26.27],[88.639,26.263],[88.648,26.253],[88.658,26.26],[88.662,26.268]]],[[[86.389,19.964],[86.394,19.977],[86.41,19.987],[86.422,19.997],[86.428,20.005],[86.42,20.006],[86.408,19.995],[86.384,19.979],[86.381,19.968],[86.389,19.964]]],[[[86.432,20.023],[86.435,20.031],[86.426,20.031],[86.424,20.022],[86.432,20.023]]],[[[86.807,20.369],[86.811,20.374],[86.81,20.396],[86.801,20.39],[86.807,20.369]]],[[[86.795,20.396],[86.798,20.402],[86.805,20.431],[86.811,20.442],[86.812,20.454],[86.81,20.471],[86.806,20.483],[86.8,20.491],[86.796,20.489],[86.795,20.475],[86.801,20.469],[86.8,20.444],[86.791,20.425],[86.788,20.405],[86.79,20.396],[86.795,20.396]]],[[[87.076,20.747],[87.072,20.742],[87.072,20.731],[87.079,20.732],[87.081,20.74],[87.076,20.747]]],[[[86.89,20.787],[86.881,20.785],[86.881,20.78],[86.895,20.776],[86.916,20.776],[86.93,20.774],[86.948,20.775],[86.946,20.783],[86.922,20.784],[86.911,20.783],[86.89,20.787]]],[[[87.076,20.775],[87.079,20.786],[87.072,20.793],[87.069,20.781],[87.076,20.775]]],[[[86.999,20.795],[87.002,20.805],[86.996,20.807],[86.99,20.802],[86.991,20.796],[86.999,20.795]]],[[[86.995,20.848],[86.996,20.862],[86.988,20.858],[86.991,20.848],[86.995,20.848]]]]},"properties":{"Source":"Survey of India State Map, Datameet"}}
]}